-- --------------------------------------------------------
-- Host:                         127.0.0.1
-- Server version:               5.7.17-log - MySQL Community Server (GPL)
-- Server OS:                    Win64
-- HeidiSQL Version:             10.2.0.5599
-- --------------------------------------------------------

/*!40101 SET @OLD_CHARACTER_SET_CLIENT=@@CHARACTER_SET_CLIENT */;
/*!40101 SET NAMES utf8 */;
/*!50503 SET NAMES utf8mb4 */;
/*!40014 SET @OLD_FOREIGN_KEY_CHECKS=@@FOREIGN_KEY_CHECKS, FOREIGN_KEY_CHECKS=0 */;
/*!40101 SET @OLD_SQL_MODE=@@SQL_MODE, SQL_MODE='NO_AUTO_VALUE_ON_ZERO' */;

-- Dumping structure for table web_imbo_ci.artikel
CREATE TABLE IF NOT EXISTS `artikel` (
  `artikel_id` int(11) NOT NULL AUTO_INCREMENT,
  `artikel_name` text,
  `artikel_content` text,
  `artikel_image` text,
  `artikel_publish` datetime DEFAULT NULL,
  `artikel_author` varchar(50) DEFAULT NULL,
  `artikel_isactive` tinyint(4) DEFAULT '1',
  `id_sub_menu` int(11) DEFAULT NULL,
  PRIMARY KEY (`artikel_id`)
) ENGINE=InnoDB AUTO_INCREMENT=24 DEFAULT CHARSET=utf8;

-- Dumping data for table web_imbo_ci.artikel: ~17 rows (approximately)
DELETE FROM `artikel`;
/*!40000 ALTER TABLE `artikel` DISABLE KEYS */;
INSERT INTO `artikel` (`artikel_id`, `artikel_name`, `artikel_content`, `artikel_image`, `artikel_publish`, `artikel_author`, `artikel_isactive`, `id_sub_menu`) VALUES
	(1, 'Sejarah Singkat', '<p>Pada tahun 1966 dibentuk Perwakilan Daerah Kantor Inspektorat Imigrasi Wilayah IV Jawa Barat dan Jawa Tengah yang berkedudukan di Bogor tepatnya di Jl Perniagaan No 95 (sekarang menjadi Jl Suryakencana). Alasan pembentukan tersebut dikarenakan adanya hal-hal sebagai berikut:</p>\r\n<ol>\r\n<li>Peraturan khusus dari KODAM IV Siliwangi bahwa untuk Orang&nbsp; Asing&nbsp; keturunan Tionghoa eks PP 10 yang berdomisili di Bogor, dan akan mengajukan permohonan Exit Re-entry Permit (ERP) harus diberikan Exit Permit Only (EPO) yang dikeluarkan oleh Kantor Inspektorat Imigrasi Wilayah yang berkedudukan di Bandung, serta banyaknya pemohon ERP asal Bogor yang mengurus di Jakarta sebab jika mengurus di Bandung pasti akan diberikan EPO dan berarti tidak dapat kembali ke Bogor;</li>\r\n<li>Pada tahun 1969 Kantor Perwakilan Daerah Kantor Inspektorat Imigrasi Wilayah IV Jawa Barat dan Jawa Tengah (KINSPIJAH) berubah menjadi Kantor Resort Imigrasi dibawah komando KANWILDIM Jawa Kemudian pada tahun 1977 melalui Keputusan Menteri Kehakiman RI Nomor JS.4/5/9 tanggal 13 Juli 1977 berubah kembali dari Kantor Resort Imigrasi menjadi Kantor Daerah Imigrasi yang berkedudukan di Jl Jenderal Ahmad Yani No 65 Bogor dan diresmikan pada tanggal 01 April 1978 oleh Bapak KS KODRAT selaku Kepala Kantor Wilayah Daerah Imigrasi;</li>\r\n<li>Berdasarkan Keputusan Menteri Kehakiman RI Nomor M.02-PR.07.10 Tahun 1983 nama Kantor Daerah Imigrasi berubah menjadi Kantor Imigrasi Klas II Bogor dibawah lingkungan Kantor Wilayah Departemen Kehakiman Jawa Barat;</li>\r\n<li>Berdasarkan Keputusan Menteri Hukum Dan Hak Asasi Manusia RI Nomor HH-03.OT.01.01 Tahun 2016 tanggal 13 Januari 2016 Peningkatan Kelas Kantor Imigrasi Kelas II Bogor menjadi&nbsp;<strong>Kantor Imigrasi Kelas I Bogor</strong>&nbsp;di bawah lingkungan Kantor Wilayah Kementerian Hukum Dan Hak Asasi Manusia Jawa Barat.</li>\r\n</ol>', 'Gedung-bogor.jpeg', '2019-10-01 14:51:18', 'Insan', 1, 1),
	(2, 'Diseminasi HAM Bagi Petugas Pemasyarakatan dan Imigrasi', '<p>Diseminasi HAM Bagi Petugas Pemasyarakatan dan Imigrasi dengan Tema "Menciptakan UPT Pemasyarakatan dan Imigrasi Yang Melayani Publik Berbasis HAM".</p>\r\n<p>Tempat : Aula Kantor Imigrasi Kelas I Non TPI Bogor.<br />Waktu : Selasa, 13 Agustus 2019.<br />Pukul : 09.00 WIB s/d 11.30 WIB.</p>\r\n<p>Narasumber :<br />1. Bapak Suparno, Direktur Diseminasi dan Penguatan HAM Direktorat Jenderal HAM;<br />2. Ibu Novi Sugiharti, Kepala Sub Direktorat Diseminasi HAM Wilayah I.</p>\r\n<p>Moderator :<br />Bapak Imam Prawira, Kepala Seksi Intelijen dan Penindakan Keimigrasian Kantor Imigrasi Kelas I Non TPI Bogor.</p>\r\n<p>1. Kegiatan diawali oleh sambutan oleh Bapak Suhendra, Kepala Kantor Imigrasi Kelas I Non TPI Bogor selaku tuan rumah tempat dilaksanakan kegiatan diseminasi HAM ini;</p>\r\n<p>2. Dalam sambutannya, Bapak Suhendra menyampaikan bahwa kegiatan diseminasi HAM ini bertujuan untuk mensosialisasikan Peraturan Menteri Hukum dan HAM RI Nomor 27 Tahun 2018 tentang Penghargaan Pelayanan Publik Berbasis HAM khususnya kepada UPT Pemasyarakatan dan Imigrasi. Kepala Kantor Imigrasi Kelas I Non TPI Bogor juga menyampaikan bahwa Kantor Imigrasi Kelas I Non TPI Bogor telah melaksanakan pelayanan yang berbasi HAM diantaranya tersedianya area parkir khusus untuk penyandang disabilitas, area bermain anak, ruang laktasi, toilet khusus bagi penyandang disabilitas;</p>\r\n<p>3. Kegiatan diseminasi HAM ini dibuka oleh Direktur Diseminasi dan Penguatan HAM yang dilanjutkan dengan seremonial penyerahan tanda terima kasih dari Direktur Diseminasi dan Penguatan HAM kepada Kepala Kantor Imigrasi Kelas I Non TPI Bogor;</p>\r\n<p>4. Direktur Diseminasi dan Penguatan HAM menyampaikan materi mengenai Peran dan Tanggung Jawab Negara Terhadap Hak Asasi Manusia;</p>\r\n<p>5. Kepala Sub Direktorat Disminasi HAM Wilayah I menyampaikan materi mengenai Permenkumham Nomor 27 Tahun 2018 tentang Penghargaan Pelayanan Publik Berbasi HAM;</p>\r\n<p>4. Kegiatan diseminasi ditutup dengan diskusi.</p>', 'Diseminasi Ham.jpeg', '2019-10-03 15:00:15', 'Insan', 1, 27),
	(3, 'IMIGRASI MASUK DESA, PENGUATAN PERAN MASYARAKAT DALAM PENGAWASAN ORANG ASING', '<p>Kanim Bogor &ndash; Selasa, 14/11/2017. Kebijakan&nbsp;pemerintah memberikan bebas visa untuk banyak negara agar mampu meningkatkan devisa bagi Indonesia sudah berjalan sejak tahun 2015. Hal ini sebagaimana telah diubah dengan&nbsp;Peraturan Presiden&nbsp;Nornor 104 Tahun 2015 tentang Perubahan atas&nbsp;Peraturan Presiden&nbsp;Nomor 69 Tahun 2015 tentang Bebas Visa Kunjungan.</p>\r\n<p>Saat ini, negara, pemeritah wilayah administratif khusus suatu negara, dan entitas tertentu, yang diberikan bebas visa kunjungan sudah terdaftar sebanyak 169 negara, dimana pemerintah berharap sejumlah tempat wisata di Indonesia semakin meningkat dan banyak dikunjungi oleh wisatawan manca negara secara signifikan. Hal ini tentunya akan menambah pendapatan asli daerah dan juga pendapatan negara dikarenakan penerimaan negara akan meningkat, disamping terjadinya pertukaran informasi dan budaya yang dapat menguntungkan kedua belah pihak dari negara yang bersangkutan. Di sisi lain, dengan diberikan kesempatan bebas visa kunjungan bagi 169 negara, tentu saja sangat memungkinkan terjadi banyak pelanggaran di bidang keimigrasian seperti terjadinya penyelewengan bebas visa yang semula untuk tujuan wisata dimanfaatkan untuk kepentingan bekerja atau tindakan kriminal lainnya.</p>\r\n<p>&nbsp;</p>\r\n<p>Apabila ditilik secara yuridis, Undang-Undang Nomor 6 Tahun 2011 tentang Keimigrasian pada pasal 1 angka (1) menyatakan bahwa:<em>&ldquo;Keimigrasian adalah hal ihwal lalu lintas orang yang masuk atau keluar wilayah Indonesia serta pengawasannya dalam rangka menjaga tegaknya kedaulatan negara&rdquo;.</em>&nbsp;Dengan demikian, salah satu fungsi Imigrasi Indonesia adalah menjaga pintu gerbang negara dari setiap potensi ancaman orang asing khususnya, demi tegaknya kedaulatan negara, sehingga fungsi pengawasan harus diutamakan. Imigrasi tidak hanya sekedar melayani masyarakat dalam hal pemberian paspor, tetapi juga terkait dengan keamanan negara dan sebagai fasilitator pembangunan nasional.</p>\r\n<p>&nbsp;</p>\r\n<p>Dengan pesatnya hal ihwal lalu lintas orang asing yang masuk atau keluar wilayah Indonesia khususnya ke wilayah Bogor dimana setiap tahun terus meningkat, selain dengan maksud tujuan berwisata, bekerja, kunjungan budaya, namun juga rentan terhadap keberadaan imigran illegal baik pencari suaka ataupun pengungsi, hal tersebut menjadi perhatian penting Kantor Imigrasi Kelas I Bogor. Seksi Pengawasan dan Penindakan Keimigrasian (Wasdakim) berusaha mengoptimalkan kinerjanya dengan melakukan sosialisasi di wilayah kerja Kantor Imigrasi Kelas I Bogor. Peran serta masyarakat dan kerjasama antar instansi sangat membantu dalam rangka mewujudkan pengawasan yang efektif demi tegaknya kedaulatan NKRI.</p>\r\n<p>&nbsp;</p>\r\n<p>Kegiatan Sosialisasi Imigrasi Bogor Masuk Desa bertujuan agar terwujudnya penguatan peran masyarakat yang merupakan garda terdepan dalam pengawasan orang asing, disamping telah terbentuknya Tim Pengawasan Orang Asing (TIMPORA) yang melibatkan beberapa instansi di daerah, namun terasa masih belum optimal karena hanya rapat dan bekerja pada waktu tertentu, sehingga peran serta masyarakat lebih dibutuhkan. Kepedulian masyarkat menjadi sangat penting karena aktivitas dan keberadaan di lingkungan masyarakat memiliki waktu yang lebih lama dibandingkan petugas yang terbatas pada jam kerja rutin serta jumlah petugas yang terbatas. Hal ini menjadi tantangan terberat bagi Imigrasi, yaitu kemampuan dalam mengawasi orang asing serta harus bisa berkomunikasi dengan instansi lain.</p>\r\n<p>&nbsp;</p>\r\n<p>Kegiatan Sosialisasi&nbsp;<strong>IMIGRASI MASUK DESA, &ldquo;Penguatan Peran Masyarakat dalam Pengawasan Orang Asing</strong>&rdquo; oleh Seksi Wasdakim Kantor Imigrasi Kelas I Bogor dilaksanakan di Desa Cibeureum dan Desa Leuwimalang, Kecamatan Cisarua, Kabupaten Bogor (Selasa, 14/11/2017). Kegiatan ini diikuti oleh puluhan peserta dari para Ketua Rukun Tetangga (RT), Ketua Rukun Warga (RW), Pemilik Kontrakan, dan Perangkat/ Staf Desa. Hadir juga Kepala Dewa Leuwimalang, Bapak Yayan Nuryana, Bintara Pembina Desa (Babinsa) dan Babinkantibmas, juga perwakilan dari Hotel Griya Inkopabri. Sebagai Narasumber yaitu Kepala Seksi Pengawasan dan Penindakan Keimigrasian (Wasdakim) yaitu Bapak Arief Hazairin Satoto, Amd.Im., S.H., M.H., Kepala Seksi Informasi dan Sarana Komunikasi Kemigrasian (Insarkom) yaitu Bapak Mardiyanto, dan Kepala Subseksi Penelaahan Status Keimigrasian yaitu Bapak Adi Heriyadi, S.Kom., M.Si.</p>\r\n<p>Dalam sosialisasi ini, diharapkan partisipasi masyarakat terutama pemilik kontrakan/ kos-kosan dalam pelaporan orang asing yang menginap di tempat mereka, pun demikian jika ada warga yang sengaja menutup-nutupi keberadaan imigran illegal di Puncak akan dikenakan sanksi apabila tidak melaporkan, sesuai dengan Undang-Undang Nomor 6 Tahun 2011 tentang Keimigrasian pasal 72 ayat (1) dan (2) meyatakan bahwa: &ldquo;<em>(1)&nbsp;</em><em>Pejabat Imigrasi yang bertugas dapat meminta keterangan dari setiap orang yang memberi kesempatan menginap kepada Orang Asing mengenai data Orang Asing yang bersangkutan; (2) Pemilik atau pengurus tempat penginapan wajib memberikan data mengenai Orang Asing yang menginap di tempat penginapannya jika diminta oleh Pejabat Imigrasi yang bertugas.&rdquo;&nbsp;</em>&nbsp;Sedangkan sanksinya diatur dalam Pasal 117 menyatakan yaitu:&nbsp;<em>"Pemilik atau pengurus tempat penginapan yang tidak memberikan keterangan atau tidak memberikan data Orang Asing yang menginap di rumah atau di tempat penginapannya setelah diminta oleh Pejabat Imigrasi yang bertugas sebagaimana dimaksud dalam Pasal 72 ayat (2) dipidana dengan pidana kurungan paling lama 3 (tiga) bulan atau pidana denda paling banyak Rp25.000.000,00 (dua puluh lima juta rupiah)."</em></p>\r\n<p>Bagi pemilik hotel, penginapan, dan kontrakan/ kos-kosan, cara melakukan pelaporan cukup mudah yakni dapat melalui&nbsp;<strong>telpon, SMS,&nbsp;</strong>ataupun<strong>&nbsp;Whatsapp&nbsp;</strong>ke<strong>&nbsp;08111152111&nbsp;</strong>atau melalui alamat e-mail:<strong>&nbsp;<span id="cloak930ad8058e7675eaefc48fe7bffeba81"><a href="mailto:wasdakim.kanimbogor@gmail.com">wasdakim.kanimbogor@gmail.com</a></span></strong></p>\r\n<p>&nbsp;</p>\r\n<p><strong>Untuk itu, dihimbau kepada mayarakat agar berperan serta aktif dalam pengawasan orang asing karena tanpa bantuan dan dukungan masyarakat kinerja Imigrasi menjadi tidak optimal dikarenakan masyarakat sebagai garda terdepan dalam pengawasan orang asing. Selanjutnya, Kantor Imigrasi Kelas I Bogor akan me-<em>review</em>&nbsp;hasl sosialisasi tersebut terhadap masyarakat terkait peran serta dalam mengawasi orang asing. (Ps, Insarkom)</strong></p>', 'imigrasi-masuk-desa4.jpg', '2019-10-03 15:00:16', 'Insan', 1, 27),
	(4, 'JADILAH PAHLAWAN MASA KINI YANG MEMILIKI KEPEDULIAN TERHADAP SESAMA', '<p>Kanim Bogor, Jum&aacute;t - 10/11/2017. Pelaksanaan Upacara Bendera Peringatan Hari Pahlawan Tahun 2017 dengan tema "JADILAH PAHLAWAN MASA KINI YANG MEMILIKI KEPEDULIAN TERHADAP SESAMA", dipimpin langsung oleh Kepala Kantor Imigrasi Kelas I Bogor, Bapak Suhendra, S.E., M.M. selaku Inspektur Upacara.&nbsp;</p>\r\n<p>Bertindak sebagai Perwira Upacara yaitu Kepala Seksi Lalu Lintas Keimigrasian, Bapak&nbsp;<a class="profileLink" href="https://www.facebook.com/ujang.cahya.148?fref=mentions" data-hovercard="/ajax/hovercard/user.php?id=100013428451634&amp;extragetparams=%7B%22fref%22%3A%22mentions%22%7D" data-hovercard-prefer-more-content-show="1">Ujang Cahya</a>, S.H., M.H. serta Komandan Upacara yaitu Kepala Subseksi Pengawasan Keimigrasian, Bapak Rachmat Supriyanto, Amd.Im., S.H. Upacara berlangsung dengan tertib dan khidmat, yang diikuti oleh seluruh pegawai.</p>\r\n<p>Inspektur Upacara dalam amanatnya menyampaikan Pidato Menteri Sosial Republik Indonesia diantaranya bahwa:<br />"Para Pendiri bangsa mengabarkan pesan penting kepada kita. Pesan itu adalah bahwa setelah kemerdekaan diraih, maka tahapan selanjutnya - kita harus bersatu terlebih dahulu untuk&nbsp;bisa memasuki tahapan bernegara selanjutnya - yakni berdaulat, adil dan makmur. Oleh karena pesan fundamental itulah maka peringatan Hari Pahlawan 10 November tahun 2017 ini kita mengambil tema &ldquo;Perkokoh Persatuan Membangun&nbsp;Negeri&rdquo;.</p>\r\n<p>Untuk mengenang jasa para Pahlawan kita, mari kita mengingat kembali pesan-pesan perjuangan dari para Pahlawan Nasional yaitu:<br />"Tempat saya yang terbaik adalah di tengah-tengah anak buah. Saya akan meneruskan perjuangan. Met of zonder Pemerintah TNI akan berjuang terus." (disampaikan pada jam-jam terakhir sebelum jatuhnya Yogyakarta dan Jenderal Sudirman dalam keadaan sakit, ketika menjawab peryataan Presiden yang menasehatinya supaya teta tinggal di kota untuk dirawat sakitnya).</p>\r\n<p>Beberapa pidato dan pesan Proklamator Presiden Pertama Republik Indonesia Ir. sekarno:<br />"Beri aku 1000 orang tua, niscaya akan kucabut Semeru dari akarnya. Dan beri aku 10 pemuda, niscaya akan kuguncangkan dunia."<br />"Bangsa yang besar adala bangsa yang menghormati jasa pahlawannya." (pidato Hari Pahlwawan 10 Nopember 1961).<br />"Bangsa yang tidak percaya kepada kekuatan dirinya sebagai suatu bangsa, tidak dapat berdiri sebaga suatu bangsa yang merdeka." (pidato HUT Proklamasi 1963).<br />"Perjuanganku lebih mudah karena mengusir penjajah, tapi perjuanganmu akan lebih sulit karena melawan bangsamu sendiri."<br />"Jangan sekali-kali meninggalkan sejarah."</p>\r\n<p>&nbsp;</p>\r\n<p>"Pahlawan yang setia itu berkorban, bukan buat dikenal namanya, tetapi semata-mata untuk membela cita-cita."<br />"Jatuh bangunnya negara ini, sangat tergantung dari bangsa ini sendiri. Makin pudar persatuan dan kepedulian, Indonesia hanyalah sekedar nama dan gambar seuntaian pulau di peta. Jangan mengharapkan bangsa lain respek terhadap bangsa ini, bila kita sendiri gemar memperdaya sesama saudara sebangsa, merusak dan mencuru kekayaan ibu pertiwi."(Moh. Hatta)</p>\r\n<p>"Tahukah engkau semboyanku? Aku mau! 2 patah kata yang ringkas itu sudah beberapa kali mendukung dan membawa aku melintasi gunung keberatan dan kesusahan. Kata "aku tidak dapat!" melenyapkan rasa berani. Kalimat "aku mau!" membuat kita mudah mendaki puncak gunung." (R.A. Kartini)</p>\r\n<p>"Ing Ngarso Sung Tulodo (di depan memberi contoh)<br />&Iuml;ng Madyo Mangun Karso (di tengah memberi semangat)<br />Tut Wuri Handayani (di belakang memberi dorongan)."&nbsp;<br />(semboyan yang diajarkan Ki Hajar Dewantara merintis Taman Siswa yang didirikan pada tahun 1922 dan kini masih dipakai dalam dunia pendidikan).</p>\r\n<p>Mari bersama-sama kita mengenang jasa para pahlawan kita yang telah gugur demi membangun negeri. Semoga mereka mendapat tempat terbaik disisi Tuhan Yang Maha Esa dan kita mampu menjadi generasi penerus yang berguna bagi agama, bangsa dan negara dengan nilai-nilai budi pekerti dan optimalisasi kinerja dengan semboyan kami PASTI (Profesional, Akuntabel, Sinergi, Transparan, dan Inovatif).</p>\r\n<p>&nbsp;</p>\r\n<p><strong>TERIMA KASIH PARA PAHLAWANKU !</strong></p>', 'upacara.jpg', '2019-10-03 15:03:17', 'Insan', 1, 27),
	(5, 'Visi, Misi, Janji, dan Maklumat Layanan', '<div class="bt-quote bt-quote-default ">\r\n<div class="bt-quote-inner">\r\n<p>Seluruh aparatur Kementerian Hukum dan Hak Asasi Manusia RI bertekad melaksanaan kegiatan revolusi mental yang merupakan implementasi reformasi birokrasi khususnya di area manajemen perubahan. Kegiatan ini bukan hanya gerakan himbauan saja tetapi juga merupakan wujud nyata sebagai pengejahwantahan pengabdian seluruh jajaran Kementerian Hukum dan Hak Asasi Manusia RI, dengan slogan "Kami PASTI". yang bermakna bahwa dalam bekerja kami: Profesional, Akuntabel, Sinergi, Transparan, Inovatif.</p>\r\n</div>\r\n</div>\r\n<p>&nbsp;</p>\r\n<div id="btsc-table-5d9c1124d3bd2" class="btsc-table ">\r\n<table style="height: 109px; width: auto; margin-left: auto; margin-right: auto;">\r\n<tbody>\r\n<tr style="height: 27px;">\r\n<th style="width: 614px; height: 27px; text-align: center;"><span style="font-size: 14pt;"><strong>VISI</strong></span></th>\r\n</tr>\r\n<tr style="height: 10px;">\r\n<td style="width: 614px; text-align: center; height: 10px;">\r\n<p><span style="font-size: 12pt; color: #333300;"><span style="font-size: 12.16px; line-height: 1.3em;">&ldquo; MASYARAKAT MEMPEROLEH KEPASTIAN HUKUM &rdquo;</span></span></p>\r\n</td>\r\n</tr>\r\n</tbody>\r\n</table>\r\n<p style="text-align: center;">&nbsp;</p>\r\n<table style="height: 109px; width: auto; margin-left: auto; margin-right: auto;">\r\n<tbody>\r\n<tr style="height: 27px;">\r\n<th style="width: 614px; height: 27px;"><span style="font-size: 14pt;"><strong>MISI</strong></span></th>\r\n</tr>\r\n<tr style="height: 10px;">\r\n<td style="width: 614px; height: 10px;">\r\n<p style="text-align: center;"><span style="font-size: 12pt; color: #333300;"><span style="font-size: 12.16px; line-height: 1.3em;">&ldquo; MELINDUNGI HAK ASASI MANUSIA &ldquo;</span></span></p>\r\n</td>\r\n</tr>\r\n</tbody>\r\n</table>\r\n<p style="text-align: center;">&nbsp;</p>\r\n<table style="height: 109px; width: auto; margin-left: auto; margin-right: auto;">\r\n<tbody>\r\n<tr style="height: 27px;">\r\n<th style="width: 614px; height: 27px; text-align: center;"><span style="font-size: 14pt;"><strong>MOTTO</strong></span></th>\r\n</tr>\r\n<tr style="height: 10px;">\r\n<td style="width: 614px; text-align: center; height: 10px;">\r\n<p style="text-align: center;"><span style="font-size: 12pt; color: #333300;"><span style="font-size: 12.16px; line-height: 1.3em;"><span style="font-size: 12.1599998474121px; line-height: 1.3em;">&ldquo; MELAYANI DENGAN TULUS &ldquo;</span></span></span></p>\r\n</td>\r\n</tr>\r\n</tbody>\r\n</table>\r\n<p style="text-align: center;">&nbsp;</p>\r\n<table style="height: 109px; width: auto; margin-left: auto; margin-right: auto;">\r\n<tbody>\r\n<tr style="height: 27px;">\r\n<th style="width: 614px; height: 27px;"><span style="font-size: 14pt;"><strong>JANJI LAYANAN</strong></span></th>\r\n</tr>\r\n<tr style="height: 10px;">\r\n<td style="width: 614px; text-align: center; height: 10px;">\r\n<p><span style="font-size: 12.16px; line-height: 1.3em; color: #333300;">KEPASTIAN PERSYARATAN</span></p>\r\n<p><span style="font-size: 12.16px; line-height: 1.3em; color: #333300;">KEPASTIAN BIAYA</span></p>\r\n<p><span style="font-size: 12.16px; line-height: 1.3em; color: #333300;">KEPASTIAN WAKTU PENYELESAIAN</span></p>\r\n</td>\r\n</tr>\r\n</tbody>\r\n</table>\r\n<p style="text-align: center;"><span style="font-size: 12.1599998474121px; line-height: 1.3em;">&nbsp;</span></p>\r\n<table style="height: 109px; width: auto; margin-left: auto; margin-right: auto;">\r\n<tbody>\r\n<tr style="height: 27px;">\r\n<th style="width: 614px; height: 27px; text-align: center;"><span style="font-size: 14pt;"><strong>MAKLUMAT PELAYANAN</strong></span></th>\r\n</tr>\r\n<tr style="height: 10px;">\r\n<td style="width: 614px; text-align: center; height: 10px;">\r\n<p style="text-align: center;"><span style="font-size: 12pt; color: #333300;"><span style="font-size: 12.16px; line-height: 1.3em;"><span style="font-size: 12.1599998474121px; line-height: 1.3em;">"Dengan ini kami menyatakan sanggup menyelenggarakan pelayanan sesuai standar operasional pelayanan yang telah ditetapkan dan apabila tidak menepati janji, maka kami siap menerima sanksi sesuai dengan perundang-undangan yang berlaku."</span></span></span></p>\r\n</td>\r\n</tr>\r\n</tbody>\r\n</table>\r\n</div>', 'cropped-LOGOIMIGRASI.png', '2019-10-03 15:00:16', 'admin', 1, 2),
	(6, 'Kedudukan, Tugas dan Fungsi', '<p>PERATURAN MENTERI HUKUM DAN HAK ASASI MANUSIA</p>\r\n<p>REPUBLIK INDONESIA</p>\r\n<p>NOMOR 19 TAHUN 2018</p>\r\n<p>TENTANG</p>\r\n<p>ORGANISASI DAN TATA KERJA KANTOR IMIGRASI</p>\r\n<p><br /> &nbsp; Kantor Imigrasi Kelas I Khusus TPI yang membawahi TPI pada wilayah kerjanya terdiri atas : </p>\r\n<ol>\r\n<ol>\r\n<li>Bagian Tata Usaha</li>\r\n<li>Bidang Dokumen Perjalanan dan Izin Tinggal Keimigrasian</li>\r\n<li>Bidang Teknologi Informasi dan Komunikasi Keimigrasian</li>\r\n<li>Bidang Intelijen dan Penindakan Keimigrasian</li>\r\n<li>Bidang Tempat Pemeriksaan Imigrasi</li>\r\n</ol>\r\n</ol>\r\n<p>&nbsp;</p>\r\n<p><strong><u>Bagian Tata Usaha</u></strong></p>\r\n<p>&nbsp; Bagian Tata Usaha mempunyai tugas melaksanakan penyusunan rencana program dan anggaran, pengelolaan keuangan, barang milik negara, sumber daya manusia, administrasi umum, pengawasan dan pengendalian internal serta evaluasi dan pelaporan di bidang administrasi kepegawaian, keuangan, persuratan, barang milik negara, dan rumah tangga. <br />&nbsp; Dalam melaksanakan tugasnya, Bagian Tata Usaha menyelenggarakan fungsi:</p>\r\n<ol>\r\n<ol>\r\n<li>Penyusunan rencana program, anggaran, evaluasi dan pelaporan;</li>\r\n<li>Pelaksanaan dan pengendalian internal;</li>\r\n<li>Pengelolaan urusan keuangan dan barang milik negara; dan</li>\r\n<li>Pengelolaan sumber daya manusia, tata usaha, dan rumah tangga.</li>\r\n</ol>\r\n</ol>\r\n<p>&nbsp; Bagian Tata Usaha terdiri dari :</p>\r\n<ol>\r\n<ol>\r\n<li>Subbagian Kepegawaian dan Umum</li>\r\nSubbagian Kepegawaian dan Umum mempunyai tugas melakukan penyiapan pengelolaan sumber daya manusia, tata usaha, dan rumah tangga, barang milik negara, pengendalian internal, dan evaluasi serta pelaporan kegiatan Kanim.\r\n<li>Subbagian Keuangan</li>\r\nSubbagian Keuangan mempunyai tugas melakukan penyiapan penyusunan rencana program dan anggaran, pengelolaan urusan keuangan, dan evaluasi serta pelaporan di bidang keuangan.</ol>\r\n</ol>\r\n<p>&nbsp;</p>\r\n<p><strong><u>Bidang Dokumen Perjalanan dan Izin Tinggal Keimigrasian</u></strong></p>\r\n<p>&nbsp; Bidang Dokumen Perjalanan dan Izin Tinggal Keimigrasian mempunyai tugas melaksanakan pelayanan dokumen perjalanan, izin tinggal, dan status keimigrasian.</p>\r\n<p>&nbsp; Dalam melaksanakan tugasnya, Bidang Dokumen Perjalanan dan Izin Tinggal Keimigrasian menyelenggarakan fungsi:</p>\r\n<ol>\r\n<ol>\r\n<li>Penyusunan rencana, evaluasi, dan pelaporan di bidang dokumen perjalanan dan izin tinggal keimigrasian;</li>\r\n<li>Pelaksanaan pelayanan paspor;</li>\r\n<li>Pelayanan surat perjalanan laksana paspor bagi orang asing;</li>\r\n<li>Pelayanan pas lintas batas;</li>\r\n<li>Pelayanan izin tinggal;</li>\r\n<li>Pemeriksaan, penelaahan, dan penyelesaian alih status keimigrasian;</li>\r\n<li>Pelayanan izin masuk kembali;</li>\r\n<li>Penelaahan status keimigrasian dan kewarganegaraan dalam rangka penerbitan surat keterangan keimigrasian;</li>\r\n<li>Pelayanan surat keterangan keimigrasian; dan</li>\r\n<li>Pelayanan bukti pendaftaran anak berkewarganegaraan ganda.</li>\r\n</ol>\r\n</ol>\r\n<p>&nbsp; Bidang Dokumen Perjalanan dan Izin Tinggal Keimigrasian terdiri atas:</p>\r\n<ol>\r\n<ol>\r\n<li>Seksi Dokumen Perjalanan</li>\r\nSeksi Dokumen Perjalanan mempunyai tugas melakukan penyiapan penyusunan rencana, pelaksanaan, pengoordinasian, evaluasi dan pelaporan di bidang pelayanan paspor biasa, surat perjalanan laksana paspor bagi orang asing, dan pas lintas batas.\r\n<li>Seksi Izin Tinggal Keimigrasian</li>\r\nSeksi Izin Tinggal Keimigrasian mempunyai tugas melakukan penyiapan penyusunan rencana, pelaksanaan, pengoordinasian, evaluasi dan pelaporan di bidang pelayanan izin tinggal, izin masuk kembali, surat keterangan keimigrasian, bukti pendaftaran anak berkewarganegaraan ganda, penyiapan pemeriksaan, penelaahan, dan penyelesaian alih status keimigrasian, dan penelaahan status keimigrasian dan kewarganegaraan untuk penerbitan surat keterangan keimigrasian.</ol>\r\n</ol>\r\n<p>&nbsp;</p>\r\n<p><strong><u>Bidang Teknologi Informasi dan Komunikasi Keimigrasian</u></strong></p>\r\n<p>&nbsp; Bidang Teknologi Informasi dan Komunikasi Keimigrasian mempunyai tugas melaksanakan pemanfaatan, pemeliharaan, dan pengamanan sistem teknologi informasi dan komunikasi keimigrasian.</p>\r\n<p>&nbsp; Dalam melaksanakan tugasnya, Bidang Teknologi Informasi dan Komunikasi Keimigrasian menyelenggarakan fungsi:</p>\r\n<ol>\r\n<ol>\r\n<li>Penyusunan rencana dan pelaporan di bidang pemanfaatan, pemeliharaan, dan pengamanan sistem teknologi dan informasi keimigrasian;</li>\r\n<li>Pengumpulan, pengolahan, dan penyajian data keimigrasian;</li>\r\n<li>Pemeliharaan dan pengamanan sistem teknologi dan informasi keimigrasian;</li>\r\n<li>Penyiapan dan pengelolaan informasi dan komunikasi publik keimigrasian; dan</li>\r\n<li>Pelaksanaan hubungan masyarakat dan kerjasama antar instansi.</li>\r\n</ol>\r\n</ol>\r\n<p>&nbsp; Bidang Teknologi Informasi dan Komunikasi Keimigrasian terdiri atas:</p>\r\n<ol>\r\n<ol>\r\n<li>Seksi Teknologi Informasi Keimigrasian</li>\r\nSeksi Teknologi Informasi Keimigrasian mempunyai tugas melakukan penyiapan penyusunan rencana, pelaksanaan, pengoordinasian, evaluasi dan pelaporan di bidang pemanfaatan, pemeliharaan, dan pengamanan sistem danteknologi informasi keimigrasian.\r\n<li>Seksi Informasi dan Komunikasi Keimigrasian</li>\r\nSeksi Informasi dan Komunikasi Keimigrasian mempunyai tugas melakukan penyiapan penyusunan rencana, pelaksanaan, pengoordinasian, evaluasi dan pelaporan di bidang pengumpulan, pengolahan, dan penyajian data keimigrasian, pengelolaan informasi dan komunikasi keimigrasian, pelaksanaan hubungan masyarakat, dan kerjasama antar instansi.</ol>\r\n</ol>\r\n<p>&nbsp;</p>\r\n<p><strong><u>Bidang Intelijen dan Penindakan Keimigrasian</u></strong></p>\r\n<p>&nbsp; Bidang Intelijen dan Penindakan Keimigrasian mempunyai tugas melaksanakan penyiapan pelaksanaan, pengawasan, intelijen dan penindakan keimigrasian.</p>\r\n<p>&nbsp; Dalam melaksanakan tugas nya, Bidang Intelijen dan Penindakan Keimigrasian menyelenggarakan fungsi:</p>\r\n<ol>\r\n<ol>\r\n<li>Penyusunan rencana, evaluasi, dan pelaporan di bidang intelijen, pengawasan, dan penindakan keimigrasian;</li>\r\n<li>Pelaksanaan kerja sama intelijen dan pengawasan keimigrasian;</li>\r\n<li>Pelaksanaan dan pengoordinasian penyelidikan intelijen keimigrasian;</li>\r\n<li>Penyajian informasi produk intelijen;</li>\r\n<li>Pengamanan personil, dokumen keimigrasian, perizinan, kantor, dan instalasi vital keimigrasian;</li>\r\n<li>Penyidikan tindak pidana keimigrasian;</li>\r\n<li>Pelaksanaan tindakan administratif keimigrasian; dan</li>\r\n<li>Pelaksanaan pemulangan orang asing.</li>\r\n</ol>\r\n</ol>\r\n<p>&nbsp; Bidang Intelijen dan Penindakan Keimigrasian, terdiri atas:</p>\r\n<ol>\r\n<ol>\r\n<li>Seksi Intelijen Keimigrasian</li>\r\nSeksi Intelijen Keimigrasian mempunyai tugas melakukan penyiapan penyusunan rencana, pelaksanaan, pengoordinasian, evaluasi dan pelaporan di bidang pengawasan keimigrasian, kerja sama intelijen keimigrasian, penyelidikan intelijen keimigrasian, penyajian informasi produk intelijen, pengamanan personil, dokumen keimigrasian, perizinan, kantor, dan instalasi vital keimigrasian.\r\n<li>Seksi Penindakan Keimigrasian</li>\r\nSeksi Penindakan Keimigrasian mempunyai tugas melakukan penyiapan penyusunan rencana, pelaksanaan, pengoordinasian, evaluasi dan pelaporan di bidang penyidikan tindak pidana keimigrasian, tindakan administratif keimigrasian, dan pemulangan orang asing.</ol>\r\n</ol>\r\n<p>&nbsp;</p>\r\n<p><strong><u>Bidang Tempat Pemeriksaan Imigrasi </u></strong></p>\r\n<p>&nbsp; Bidang Tempat Pemeriksaan Imigrasi mempunyai tugas melaksanakan pengoordinasian, pengawasan, evaluasi, dan pelaporan perlintasan keimigrasian.</p>\r\n<p>&nbsp; Dalam melaksanakan tugasnya, Bidang Tempat Pemeriksaan Imigrasi menyelenggarakan fungsi:</p>\r\n<ol>\r\n<ol>\r\n<li>Penyusunan rencana, pengoordinasian, pengawasan, evaluasi, dan pelaporan perlintasan keimigrasian;</li>\r\n<li>Pemeriksaan dokumen keimigrasian;</li>\r\n<li>Pemberian tanda masuk dan tanda keluar; dan</li>\r\n<li>Penolakan pemberian tanda masuk dan tanda keluar.</li>\r\n</ol>\r\n</ol>\r\n<p>&nbsp; Bidang Tempat Pemeriksaan Imigrasi terdiri atas:</p>\r\n<ol>\r\n<ol>\r\n<li>Seksi Pemeriksaan I</li>\r\nSeksi Pemeriksaan I mempunyai tugas melakukan penyusunan rencana, pelaksanaan, pengoordinasian, evaluasi dan pelaporan di bidang pemeriksaan dokumen perjalanan dan dokumen keimigrasian, pemberian tanda masuk dan tanda keluar, penolakan pemberian tanda masuk dan tanda keluar terhadap setiap orang yang masuk atau keluar wilayah Indonesia berdasarkan peraturan perundang-undangan pada unit kerjanya.\r\n<li>Seksi Pemeriksaan II</li>\r\nSeksi Pemeriksaan II mempunyai tugas melakukan penyusunan rencana, pelaksanaan, pengoordinasian, evaluasi dan pelaporan di bidang pemeriksaan dokumen perjalanan dan dokumen keimigrasian, pemberian tanda masuk dan tanda keluar, penolakan pemberian tanda masuk dan tanda keluar terhadap setiap orang yang masuk atau keluar wilayah Indonesia berdasarkan peraturan perundang-undangan pada unit kerjanya.\r\n<li>Seksi Pemeriksaan III</li>\r\nSeksi Pemeriksaan III mempunyai tugas melakukan penyusunan rencana, pelaksanaan, pengoordinasian, evaluasi dan pelaporan di bidang pemeriksaan dokumen perjalanan dan dokumen keimigrasian, pemberian tanda masuk dan tanda keluar, penolakan pemberian tanda masuk dan tanda keluar terhadap setiap orang yang masuk atau keluar wilayah Indonesia berdasarkan peraturan perundang-undangan pada unit kerjanya.\r\n<li>Seksi Pemeriksaan IV</li>\r\nSeksi Pemeriksaan IV mempunyai tugas melakukan penyusunan rencana, pelaksanaan, pengoordinasian, evaluasi dan pelaporan di bidang pemeriksaan dokumen perjalanan dan dokumen keimigrasian, pemberian tanda masuk dan tanda keluar, penolakan pemberian tanda masuk dan tanda keluar terhadap setiap orang yang masuk atau keluar wilayah Indonesia berdasarkan peraturan perundang-undangan pada unit kerjanya.</ol>\r\n</ol>', 'PASTI-SYMBOL-FINAL.jpg', '2019-10-03 15:00:16', 'admin', 1, 3),
	(7, 'WILAYAH KERJA', '<p><strong>Kantor Imigrasi Kelas I Bogor</strong> terletak di Kota Bogor yang secara geografis berada diantara 106<sup>0</sup> 48<sup>0</sup> BT dan 6<sup>0</sup> 26<sup>0</sup> LS. Kedudukan Kantor Imigrasi Kelas I Bogor berdekatan dengan ibukota negara yaitu DKI Jakarta, yang merupakan potensi strategis bagi perkembangan dan pertumbuhan ekonomi dan jasa, pusat kegiatan nasional untuk industri, perdagangan, transportasi, komunikasi, dan pariwisata.</p>\r\n<p>Berdasarkan Keputusan Menteri Kehakiman Republik Indonesia <strong>Nomor M.03.PR.07.04 Tahun 1991</strong> tentang Organisasi dan Tata Kerja Kantor Imigrasi sebagaimana telah diubah dengan Keputusan Menteri Kehakiman Republik Indonesia <strong>Nomor M.14.PR.07.04 Tahun 2003</strong> tentang Perubahan Keputusan Menteri Kehakiman Republik Indonesia <strong>Nomor M.03.PR.07.04 Tahun 1991</strong> tentang Organisasi dan Tata Kerja Kantor Imigrasi, Wilayah kerja <strong>Kantor Imigrasi Kelas I Bogor</strong> meliputi Kota dan Kabupaten Bogor.</p>\r\n<p>Luas wilayah Kota Bogor sebesar 11.850 Ha yang secara administrasi Kota Bogor terdiri dari 6 Kecamatan, 31 Kelurahan, 37 Desa diantaranya terdapat 5 desa tertinggal (Desa Pamoyanan, Genteng, Balungbangjaya, Mekarwangi dan Sindarasa), 210 Dusun, 623 RW, dan 2.712 RT, serta dikelilingi oleh wilayah Kabupaten Bogor yaitu sebagai berikut:</p>\r\n<ol>\r\n<li>Sebelah Utara berbatasan dengan Kecamatan Kemang, Bojong Gede, dan Kecamatan Sukaraja Kabupaten Bogor;</li>\r\n<li>Sebelah Timur berbatasan dengan Kecamatan Sukaraja dan Kecamatan Ciawi Kabupaten Bogor;</li>\r\n<li>Sebelah Barat berbatasan dengan Kecamatan Dermaga dan Kecamatan Ciomas Kabupaten Bogor;</li>\r\n<li>Sebelah selatan berbatasan dengan Kecamatan Cijeruk dan Kecamatan Caringin Kabupaten Bogor.</li>\r\n</ol>\r\n\r\n\r\n<p><strong>Peta Wilayah Kota Bogor</strong></p>\r\n<p>Kecamatan Kota Bogor Utara</p>\r\n<p>1. Bantar Jati<br /> 2. Tegal Gundil<br /> 3. Cibuluh<br /> 4. Tanah Baru<br /> 5. Ciluar<br /> 6. Cimahpar<br /> 7. Kedung Halang<br /> 8. Ciparigi</p>\r\n<p>&nbsp; Kecamatan Kota Bogor Timur<br /> 1. Baranangsiang<br /> 2. Sukasari<br /> 3. Katulampa<br /> 4. Tajur<br /> 5. Sindangsari<br /> 6. Sindangrasa</p>\r\n<p>Kecamatan Kota Bogor Barat</p>\r\n<ol>\r\n<li>Menteng</li>\r\n<li>Pasir Kuda</li>\r\n<li>Pasir Jaya</li>\r\n<li>Pasir Mulya</li>\r\n<li>Gunung Batu</li>\r\n<li>Bubulak</li>\r\n<li>Situ Gede</li>\r\n<li>Marga Jaya</li>\r\n<li>Balumbang Jaya</li>\r\n<li>Semplak</li>\r\n<li>Cilendek Timur</li>\r\n<li>Cilendek Barat</li>\r\n<li>Curug</li>\r\n<li>Curug Mekar</li>\r\n<li>Sindang Barang</li>\r\n<li>Loji</li>\r\n</ol>\r\n<p>Kecamatan Kota Bogor Selatan</p>\r\n<ol>\r\n<li>Empang</li>\r\n<li>Lawang Gintung</li>\r\n<li>Batu Tulis</li>\r\n<li>Bondongan</li>\r\n<li>Pamoyanan</li>\r\n<li>Rangga Mekar</li>\r\n<li>Mulya Harja</li>\r\n<li>Cikaret</li>\r\n<li>Bojong Kerta</li>\r\n<li>Rancamaya</li>\r\n<li>Kerta Maya</li>\r\n<li>Harja Sari</li>\r\n<li>Muara Sari</li>\r\n<li>Genteng</li>\r\n<li>Pakuan</li>\r\n<li>Cipaku</li>\r\n</ol>\r\n<p>Kecamatan Kota Bogor Tengah</p>\r\n<ol>\r\n<li>Pabaton</li>\r\n<li>Tegal Lega</li>\r\n<li>Sempur</li>\r\n<li>Babakan Pasar</li>\r\n<li>Panaragan</li>\r\n<li>Cibogor</li>\r\n<li>Babakan</li>\r\n<li>Paledang</li>\r\n<li>Ciwaringin</li>\r\n<li>Gudang</li>\r\n<li>Kebon Pala</li>\r\n</ol>\r\n<p>Kecamatan Tanah Sareal</p>\r\n<ol>\r\n<li>Tanah Sereal</li>\r\n<li>Kebon Pedes</li>\r\n<li>Kedung Badak</li>\r\n<li>Kedung Jaya</li>\r\n<li>Kedung waringin</li>\r\n<li>Suka Resmi</li>\r\n<li>Suka Damai</li>\r\n<li>Mekar Wangi</li>\r\n<li>Kencana</li>\r\n<li>Kayu Manis</li>\r\n<li>Cibadak</li>\r\n</ol>\r\n<p><strong>&nbsp;</strong></p>\r\n<p>Sedangkan wilayah Kabupaten Bogor terdapat 40 Kecamatan sebagai berikut :</p>\r\n<p>&nbsp;</p>\r\n<table style="height: 344px;" width="861">\r\n<tbody>\r\n<tr>\r\n<td style="width: 182.617px;">\r\n<p>1. Babakan Madang</p>\r\n</td>\r\n<td style="width: 129.983px;">\r\n<p>9. Cigombong</p>\r\n</td>\r\n<td style="width: 173.067px;">\r\n<p>17. Dramaga</p>\r\n</td>\r\n<td style="width: 181.017px;">\r\n<p>25. Leuwisadeng</p>\r\n</td>\r\n<td style="width: 160.317px;">\r\n<p>33. Sukajaya</p>\r\n</td>\r\n</tr>\r\n<tr>\r\n<td style="width: 182.617px;">\r\n<p>2. Bojonggede</p>\r\n</td>\r\n<td style="width: 129.983px;">\r\n<p>10. Cigudeg</p>\r\n</td>\r\n<td style="width: 173.067px;">\r\n<p>18. Gunung Putri</p>\r\n</td>\r\n<td style="width: 181.017px;">\r\n<p>26. Megamendung</p>\r\n</td>\r\n<td style="width: 160.317px;">\r\n<p>34. Sukamakmur</p>\r\n</td>\r\n</tr>\r\n<tr>\r\n<td style="width: 182.617px;">\r\n<p>3. Caringin</p>\r\n</td>\r\n<td style="width: 129.983px;">\r\n<p>11. Cijeruk</p>\r\n</td>\r\n<td style="width: 173.067px;">\r\n<p>19. Gunung Sindur</p>\r\n</td>\r\n<td style="width: 181.017px;">\r\n<p>27. Nanggung</p>\r\n</td>\r\n<td style="width: 160.317px;">\r\n<p>35. Sukaraja</p>\r\n</td>\r\n</tr>\r\n<tr>\r\n<td style="width: 182.617px;">\r\n<p>4. Cariu</p>\r\n</td>\r\n<td style="width: 129.983px;">\r\n<p>12. Cileungsi</p>\r\n</td>\r\n<td style="width: 173.067px;">\r\n<p>20. Jasinga</p>\r\n</td>\r\n<td style="width: 181.017px;">\r\n<p>28. Pamijahan</p>\r\n</td>\r\n<td style="width: 160.317px;">\r\n<p>36. Tajurhalang</p>\r\n</td>\r\n</tr>\r\n<tr>\r\n<td style="width: 182.617px;">\r\n<p>5. Ciampea</p>\r\n</td>\r\n<td style="width: 129.983px;">\r\n<p>13. Ciomas</p>\r\n</td>\r\n<td style="width: 173.067px;">\r\n<p>21. Jonggol</p>\r\n</td>\r\n<td style="width: 181.017px;">\r\n<p>29. Parung</p>\r\n</td>\r\n<td style="width: 160.317px;">\r\n<p>37. Tamansari</p>\r\n</td>\r\n</tr>\r\n<tr>\r\n<td style="width: 182.617px;">\r\n<p>6. Ciawi</p>\r\n</td>\r\n<td style="width: 129.983px;">\r\n<p>14. Cisarua</p>\r\n</td>\r\n<td style="width: 173.067px;">\r\n<p>22. Kemang</p>\r\n</td>\r\n<td style="width: 181.017px;">\r\n<p>30. Parung Panjang</p>\r\n</td>\r\n<td style="width: 160.317px;">\r\n<p>38. Tanjungsari</p>\r\n</td>\r\n</tr>\r\n<tr>\r\n<td style="width: 182.617px;">\r\n<p>7. Cibinong</p>\r\n</td>\r\n<td style="width: 129.983px;">\r\n<p>15. Ciseeng</p>\r\n</td>\r\n<td style="width: 173.067px;">\r\n<p>23. Klapa Nunggal</p>\r\n</td>\r\n<td style="width: 181.017px;">\r\n<p>31. Ranca Bungu</p>\r\n</td>\r\n<td style="width: 160.317px;">\r\n<p>39. Tenjo</p>\r\n</td>\r\n</tr>\r\n<tr>\r\n<td style="width: 182.617px;">\r\n<p>8. Cibungbulang</p>\r\n</td>\r\n<td style="width: 129.983px;">\r\n<p>16. Cireureup</p>\r\n</td>\r\n<td style="width: 173.067px;">\r\n<p>24. Leuwiliang</p>\r\n</td>\r\n<td style="width: 181.017px;">\r\n<p>32. Rumpin</p>\r\n</td>\r\n<td style="width: 160.317px;">\r\n<p>40. Tenjolaya</p>\r\n</td>\r\n</tr>\r\n</tbody>\r\n</table>\r\n<p>&nbsp;</p>', 'peta-wilker.png', '2019-10-03 15:00:16', 'admin', 1, 4),
	(8, 'Gedung Kantor', '<p>Saat ini <strong>Kantor Imigrasi Kelas I Bogor</strong> berada ditengah-tengah pemukiman penduduk dengan sarana yang sudah memadai, namun prasarana berupa gedung kantor dan area parkir kendaraan masih belum memadai dan belum memenuhi unsur yang sesuai dengan pedoman pelayanan publik. Kantor Imigrasi Kelas I Bogor saat ini terletak di Jl Jenderal Ahmad Yani No 65 Tanah Sareal, Kota Bogor, dengan luas tanah 908 M&sup2; dan luas bangunan 1.302 M&sup2; berbentuk rumah 2 lantai.</p>', 'bgr5.png', '2019-10-03 15:00:16', 'admin', 1, 5),
	(9, 'Struktur Organisasi', '<p><img style="position: relative; left: 0px; top: 0px;" src="http://bogor.imigrasi.go.id/images/imbo.JPG" alt="" width="872" height="581" /></p>', 'bgr5.png', '2019-10-03 15:00:16', 'admin', 1, 6),
	(10, 'Kepala Kantor', '<div id="t3-content" class="t3-content col-xs-12 col-sm-8 col-md-9 ">\r\n<div class="t3-content-inner">\r\n<div class="item-page">\r\n<dl class="article-info  muted">\r\n<dd class="hits"></dd>\r\n</dl>\r\n<div>\r\n<div align="center">\r\n<h3>&nbsp;</h3>\r\n<p><span style="color: #000000;"><strong><span style="font-size: 10pt;">KEPALA KANTOR IMIGRASI KELAS I BOGOR</span></strong></span></p>\r\n</div>\r\n<div class="zoom" align="center"><img style="position: relative;" src="http://bogor.imigrasi.go.id/images/pegawai/suhendra.jpeg" alt="" width="auto" height="231" /></div>\r\n<p style="line-height: 10px;" align="center"><span style="color: #000000;"><strong>SUHENDRA, S.E., M.M</strong></span></p>\r\n<p style="line-height: 10px;" align="center"><span style="color: #000000;"><strong>NIP. 19740119 199903 1 001<br /></strong></span></p>\r\n<p style="line-height: 10px;" align="center"><span style="color: #000000;"><strong>(2017 - Sekarang)</strong></span></p>\r\n<p>&nbsp;</p>\r\n<table class="hovertable" style="width: 959px; height: 1462px; margin-left: auto; margin-right: auto;" align="center">\r\n<tbody>\r\n<tr style="height: auto;">\r\n<td style="height: auto; width: 249.35px;">\r\n<div class="zoom" align="center"><img style="position: relative;" src="http://bogor.imigrasi.go.id/images/kakanim/kakanim-bogor.png" alt="kakanim1" width="auto" height="231" /></div>\r\n<div class="zoom" align="center">\r\n<p style="line-height: 5px;" align="center"><span style="color: #000000;"><strong><span class="st">HERMAN LUKMAN, S.H.</span></strong></span></p>\r\n<p style="line-height: 5px;" align="center"><span style="color: #000000;"><strong> (2014 - 2017)</strong></span></p>\r\n</div>\r\n</td>\r\n<td style="height: 221px; width: 225.65px;">\r\n<div class="zoom" align="center"><img style="position: relative; left: 0px; top: 0px;" src="http://bogor.imigrasi.go.id/images/kakanim/image2.jpg" alt="kakanim1" width="auto" height="231" /></div>\r\n<div class="zoom" align="center">\r\n<p style="line-height: 5px;" align="center"><span style="color: #000000;"><strong><span class="st">DIDIK H PRASENO ADHI, S.H., M.H.</span></strong></span></p>\r\n<p style="line-height: 5px;" align="center"><span style="color: #000000;"><strong> (2013 - 2014)</strong></span></p>\r\n</div>\r\n</td>\r\n<td style="height: 221px; width: 228px;">\r\n<div class="zoom" align="center"><img style="position: relative;" src="http://bogor.imigrasi.go.id/images/kakanim/image3.jpg" alt="kakanim2" width="auto" height="231" /></div>\r\n<div class="zoom" align="center">\r\n<p style="line-height: 5px;" align="center"><span style="color: #000000;"><strong>BAMBANG CATUR P. SH.<br /></strong></span></p>\r\n<p style="line-height: 5px;" align="center"><span style="color: #000000;"><strong> (2011 - 2013)</strong></span></p>\r\n</div>\r\n</td>\r\n<td style="height: 221px; width: 226px;">\r\n<div class="zoom" align="center"><img style="position: relative;" src="http://bogor.imigrasi.go.id/images/kakanim/image4.jpg" alt="kakanim3" height="231" /></div>\r\n<div class="zoom" align="center">\r\n<p style="line-height: 5px;" align="center"><span style="color: #000000;"><strong>Drs. LILIK BAMBANG L<br /></strong></span></p>\r\n<p style="line-height: 5px;" align="center"><span style="color: #000000;"><strong> (2010- 2011)</strong></span></p>\r\n</div>\r\n</td>\r\n</tr>\r\n<tr style="height: 246px;">\r\n<td style="height: 246px; width: 249.35px;">\r\n<div class="zoom" align="center"><img style="position: relative;" src="http://bogor.imigrasi.go.id/images/kakanim/image5.jpg" alt="kakanim4" height="231" /></div>\r\n<div class="zoom" align="center">\r\n<p style="line-height: 5px;" align="center"><span style="color: #000000;"><strong>Drs. AHMAD HASAF, MM.<br /></strong></span></p>\r\n<p style="line-height: 5px;" align="center"><span style="color: #000000;"><strong> (2008- 2010)</strong></span></p>\r\n</div>\r\n</td>\r\n<td style="height: 246px; width: 225.65px;">\r\n<div class="zoom" align="center"><img style="position: relative;" src="http://bogor.imigrasi.go.id/images/kakanim/image6.jpg" alt="12_-_Copy.jpg width=" height="231" /></div>\r\n<div class="zoom" align="center">\r\n<p style="line-height: 5px;" align="center"><span style="color: #000000;"><strong>Drs. IBRAHIM SALEH, SH.,MM.<br /></strong></span></p>\r\n<p style="line-height: 5px;" align="center"><span style="color: #000000;"><strong>&nbsp;(2006-2008)</strong></span></p>\r\n</div>\r\n</td>\r\n<td style="height: 246px; width: 228px;">\r\n<div class="zoom" align="center"><img style="position: relative;" src="http://bogor.imigrasi.go.id/images/kakanim/image7.jpg" alt="11_-_Copy.jpg width=" height="231" /></div>\r\n<p style="line-height: 5px;" align="center"><span style="color: #000000;"><strong>YEYET P OKING, MM.<br /></strong></span></p>\r\n<p style="line-height: 5px;" align="center"><span style="color: #000000;"><strong>(2005-2006)&nbsp;</strong></span></p>\r\n</td>\r\n<td style="height: 246px; width: 226px;">\r\n<div class="zoom" align="center"><img style="position: relative;" src="http://bogor.imigrasi.go.id/images/kakanim/image8.jpg" alt="10_-_Copy.jpg width=" height="231" /></div>\r\n<div class="zoom" align="center">\r\n<div class="zoom" align="center">\r\n<p style="line-height: 5px;" align="center"><span style="color: #000000;"><strong>TEUKU SYAHRIZAL, SE.<br /></strong></span></p>\r\n<p style="line-height: 5px;" align="center"><span style="color: #000000;"><strong>(2002-2005)&nbsp;</strong></span></p>\r\n</div>\r\n</div>\r\n</td>\r\n</tr>\r\n<tr style="height: 246px;">\r\n<td style="height: 246px; width: 249.35px;">\r\n<div class="zoom" align="center"><img style="position: relative;" src="http://bogor.imigrasi.go.id/images/kakanim/image9.jpg" alt="9_-_Copy.jpg width=" height="231" /></div>\r\n<div class="zoom" align="center">\r\n<div class="zoom" align="center">\r\n<p style="line-height: 5px;" align="center"><span style="color: #000000;"><strong>AMIROEL CH, SH.<br /></strong></span></p>\r\n<p style="line-height: 5px;" align="center"><span style="color: #000000;"><strong>(1999-2002)&nbsp;</strong></span></p>\r\n</div>\r\n</div>\r\n</td>\r\n<td style="height: 246px; width: 225.65px;">\r\n<div class="zoom" align="center"><img style="position: relative;" src="http://bogor.imigrasi.go.id/images/kakanim/image10.jpg" alt="8_-_Copy.jpg width=" height="231" /></div>\r\n<div class="zoom" align="center">\r\n<p style="line-height: 5px;" align="center"><span style="color: #000000;"><strong>BAMBANG IRAWAN<br /></strong></span></p>\r\n<p style="line-height: 5px;" align="center"><span style="color: #000000;"><strong>&nbsp;(1997-1999)</strong></span></p>\r\n</div>\r\n</td>\r\n<td style="height: 246px; width: 228px;">\r\n<div class="zoom" align="center"><img style="position: relative;" src="http://bogor.imigrasi.go.id/images/kakanim/image11.jpg" alt="7_-_Copy.jpg width=" height="231" /></div>\r\n<div class="zoom" align="center">\r\n<p style="line-height: 5px;" align="center"><span style="color: #000000;"><strong>DANI H KUSUMAPRADJA, SH<br /></strong></span></p>\r\n<p style="line-height: 5px;" align="center"><span style="color: #000000;"><strong>(1995-1997)&nbsp;</strong></span></p>\r\n</div>\r\n</td>\r\n<td style="height: 246px; width: 226px;">\r\n<div class="zoom" align="center"><img style="position: relative;" src="http://bogor.imigrasi.go.id/images/kakanim/image12.jpg" alt="6_-_Copy.jpg width=" height="231" /></div>\r\n<div class="zoom" align="center">\r\n<p style="line-height: 5px;" align="center"><span style="color: #000000;"><strong>NUR AMIN, Bc.lm<br /></strong></span></p>\r\n<p style="line-height: 5px;" align="center"><span style="color: #000000;"><strong>(1991-1995)&nbsp;</strong></span></p>\r\n</div>\r\n</td>\r\n</tr>\r\n<tr style="height: 230px;">\r\n<td style="height: 230px; width: 249.35px;">\r\n<div class="zoom" align="center"><img style="position: relative;" src="http://bogor.imigrasi.go.id/images/kakanim/image13.jpg" alt="5_-_Copy.jpg width=" height="231" /></div>\r\n<div class="zoom" align="center">\r\n<div class="zoom" align="center">\r\n<div class="zoom" align="center">\r\n<div class="zoom" align="center">\r\n<p style="line-height: 5px;" align="center"><span style="color: #000000;"><strong>MOH. JAMHARI, SH.<br /></strong></span></p>\r\n<p style="line-height: 5px;" align="center"><span style="color: #000000;"><strong>(1988-1991)&nbsp;</strong></span></p>\r\n</div>\r\n</div>\r\n</div>\r\n</div>\r\n</td>\r\n<td style="height: 230px; width: 225.65px;">\r\n<div class="zoom" align="center"><img style="position: relative;" src="http://bogor.imigrasi.go.id/images/kakanim/image14.jpg" alt="4_-_Copy.jpg width=" height="231" /></div>\r\n<div class="zoom" align="center">\r\n<div class="zoom" align="center">\r\n<div class="zoom" align="center">\r\n<div class="zoom" align="center">\r\n<p style="line-height: 5px;" align="center"><span style="color: #000000;"><strong>DJENDA K TARIGAN, BA.<br /></strong></span></p>\r\n<p style="line-height: 5px;" align="center"><span style="color: #000000;"><strong> (1985- 1988)</strong></span></p>\r\n</div>\r\n</div>\r\n</div>\r\n</div>\r\n</td>\r\n<td style="height: 230px; width: 228px;">\r\n<div class="zoom" align="center"><img style="position: relative;" src="http://bogor.imigrasi.go.id/images/kakanim/image15.jpg" alt="3_-_Copy.jpg width=" height="231" /></div>\r\n<div class="zoom" align="center">\r\n<div class="zoom" align="center">\r\n<div class="zoom" align="center">\r\n<div class="zoom" align="center">\r\n<p style="line-height: 5px;" align="center"><span style="color: #000000;"><strong>SANGI HERLING DAUD, BA.<br /></strong></span></p>\r\n<p style="line-height: 5px;" align="center"><span style="color: #000000;"><strong> (1982- 1985)</strong></span></p>\r\n</div>\r\n</div>\r\n</div>\r\n</div>\r\n</td>\r\n<td style="height: 230px; width: 226px;">\r\n<div class="zoom" align="center"><img style="position: relative;" src="http://bogor.imigrasi.go.id/images/kakanim/image16.jpg" alt="2_-_Copy.jpg width=" height="231" /></div>\r\n<div class="zoom" align="center"><span style="color: #000000;"><strong>ACMAD SIDIK DJERMAN, BA.<br /></strong></span></div>\r\n<div class="zoom" align="center">\r\n<div class="zoom" align="center">\r\n<div class="zoom" align="center">\r\n<div class="zoom" align="center">\r\n<p style="line-height: 5px;" align="center"><span style="color: #000000;"><strong> (1981- 1982)</strong></span></p>\r\n</div>\r\n</div>\r\n</div>\r\n</div>\r\n</td>\r\n</tr>\r\n<tr style="height: 204.317px;">\r\n<td style="height: 204.317px; width: 249.35px;">\r\n<div class="zoom" align="center"><img style="position: relative; left: 0px; top: 0px;" src="http://bogor.imigrasi.go.id/images/kakanim/image17.jpg" alt="1_-_Copy.jpg width=" height="231" /></div>\r\n<div class="zoom" align="center">\r\n<div class="zoom" align="center"><span style="color: #000000;"><strong>H. BIZAR THAIB<br /></strong></span></div>\r\n<div class="zoom" align="center">\r\n<div class="zoom" align="center">\r\n<div class="zoom" align="center">\r\n<div class="zoom" align="center">\r\n<p style="color: #000000;" align="center"><strong> (1978- 1980)</strong></p>\r\n</div>\r\n</div>\r\n</div>\r\n</div>\r\n</div>\r\n</td>\r\n<td style="height: 204.317px; width: 225.65px;">\r\n<div class="zoom" align="center"><img style="position: relative; left: 0px; top: 0px;" src="http://bogor.imigrasi.go.id/images/kakanim/image18.jpg" alt="4_-_Copy.jpg width=" height="231" /></div>\r\n<div class="zoom" align="center">\r\n<div class="zoom" align="center"><span style="color: #000000;"><strong>R.H. SOEBAGIO<br /></strong></span></div>\r\n<div class="zoom" align="center">\r\n<div class="zoom" align="center">\r\n<div class="zoom" align="center">\r\n<div class="zoom" align="center">\r\n<p style="color: #000000;" align="center"><strong> (1974- 1978)</strong></p>\r\n</div>\r\n</div>\r\n</div>\r\n</div>\r\n</div>\r\n</td>\r\n<td style="height: 204.317px; width: 228px;">\r\n<div class="zoom" align="center"><img style="position: relative; left: 0px; top: 0px;" src="http://bogor.imigrasi.go.id/images/kakanim/image19.jpg" alt="4_-_Copy.jpg width=" height="231" /></div>\r\n<div class="zoom" align="center">\r\n<div class="zoom" align="center"><span style="color: #000000;"><strong>ADENAN ABDURACHMAN<br /></strong></span></div>\r\n<div class="zoom" align="center">\r\n<div class="zoom" align="center">\r\n<div class="zoom" align="center">\r\n<div class="zoom" align="center">\r\n<p style="color: #000000;" align="center"><strong> (1969- 1974)</strong></p>\r\n</div>\r\n</div>\r\n</div>\r\n</div>\r\n</div>\r\n</td>\r\n<td style="height: 204.317px; width: 226px;">\r\n<div class="zoom" align="center"><img style="position: relative; left: 0px; top: 0px;" src="http://bogor.imigrasi.go.id/images/kakanim/kakanim1.png" alt="4_-_Copy.jpg width=" height="231" /></div>\r\n<div class="zoom" align="center">\r\n<div class="zoom" align="center"><span style="color: #000000;"><strong>MA\'MUN POERADIREDJA<br /></strong></span></div>\r\n<div class="zoom" align="center">\r\n<div class="zoom" align="center">\r\n<div class="zoom" align="center">\r\n<div class="zoom" align="center">\r\n<p style="line-height: 5px;" align="center"><span style="color: #000000;"><strong> (1967- 1969)</strong></span></p>\r\n</div>\r\n</div>\r\n</div>\r\n</div>\r\n</div>\r\n</td>\r\n</tr>\r\n</tbody>\r\n</table>\r\n</div>\r\n</div>\r\n</div>\r\n</div>', 'bgr5.png', '2019-10-03 15:00:16', 'admin', 1, 7),
	(11, 'Penacapaian Kantor', '<p>Kantor Imigrasi Kelas I Bogor mendapatkan beberapa penghargaan sebagai wujud prestasi dan kinerja yang telah dicapai selama ini, diantaranya:</p>\r\n<ol>\r\n<li>Peningkatan Kelas yaitu berdasarkan Keputusan Menteri Hukum Dan Hak Asasi Manusia RI Nomor HH-03.OT.01.01 Tahun 2016 tanggal 13 Januari 2016 tentang Peningkatan Kelas Kantor Imigrasi Kelas II Bogor naik kelas menjadi Kantor Imigrasi Kelas I Bogor di bawah lingkungan Kantor Wilayah Kementerian Hukum Dan Hak Asasi Manusia Jawa Barat.</li>\r\n<li>Pada tanggal 19 Agustus 2016, Menteri Hukum dan Hak Asasi Manusia RI memberikan penghargaan kepada Kepala Kantor Imigrasi Kelas I Bogor atas Kinerja dan Prestasi Dalam Membentuk Tim Pengawasan Orang Asing Tingkat Kecamatan Wilayah Bogor.</li>\r\n</ol>\r\n<p><img style="display: block; margin-left: auto; margin-right: auto; position: relative;" src="http://bogor.imigrasi.go.id/images/capaian/c1.png" alt="" /></p>\r\n<ol start="3">\r\n<li>Dalam rangka memperingati Hari Bhakti Imigrasi ke-67 tanggal 26 Januari 2016, Menteri Hukum dan Hak Asasi Manusia RI memberikan penghargaan kepada Kantor Imigrasi Kelas I Bogor untuk 2 (dua) kategori berikut:</li>\r\n</ol>\r\n<p>Peringkat I, atas Capain Penegakan Hukum Keimigrasian di Bidang Penanganan Pro Justitia Terbanyak - I Kategori Kantor Imigrasi Kelas I di seluruh Indonesia.</p>\r\n<p>&nbsp;<img style="display: block; margin-left: auto; margin-right: auto; position: relative; left: 0px; top: 0px;" src="http://bogor.imigrasi.go.id/images/capaian/c2.png" alt="" /></p>\r\n<p>Peringkat I, atas Capain Pengelolaan Keuangan dengan Penyerapan Anggaran Tertinggi - I Kategori Kantor Imigrasi Kelas I di seluruh Indonesia. Pengelolaan keuangan dengan penyerapan anggaran sebesar 97,94%.</p>\r\n<p>&nbsp;<img style="display: block; margin-left: auto; margin-right: auto; position: relative;" src="http://bogor.imigrasi.go.id/images/capaian/c3.png" alt="" /></p>\r\n<p>&nbsp;</p>\r\n<p>&nbsp;<img style="display: block; margin-left: auto; margin-right: auto; position: relative; left: 0px; top: 0px;" src="http://bogor.imigrasi.go.id/images/capaian/c4.png" alt="" /></p>\r\n<p style="text-align: center;"><strong>Penyerahan Penghargaan Kantor Imigrasi Kelas I Bogor Oleh Menteri Hukum dan Hak Asasi Manusia RI</strong></p>', 'bgr5.png', '2019-10-03 15:00:16', 'admin', 1, 8),
	(12, 'Paspor', '<table style="height: 645px; width: 850px;">\r\n<tbody>\r\n<tr style="height: 207.117px;">\r\n<td style="width: 526.733px; height: 207.117px; text-align: justify;">\r\n<div class="avada-row">\r\n<div id="content" style="float: left;">\r\n<div id="post-44682" class="post-44682 page type-page status-publish hentry">\r\n<h2 style="text-align: justify;"><strong>Paspor Biasa</strong></h2>\r\n<br />\r\n<div class="post-content">&nbsp;</div>\r\n<p class="post-content" style="text-align: justify;"><span style="color: #000000;"><strong>Paspor</strong> merupakan bukti identitas diri di luar tanah air. Hal ini menjadi kewajiban pemilik paspor tersebut untuk menyimpan dan melindunginya dengan sebaik-baiknya. Paspor adalah dokumen milik negara. Paspor RI harus diperpanjang/diperbaharui setiap lima tahun setelah paspor tersebut habis masa berlakunya. Paspor dapat diperpanjang sebelum habis masa berlakunya jika halaman paspor tersebut penuh, rusak berat atau hilang.Paspor terdiri atas: <strong>Paspor Diplomatik</strong>, <strong>Paspor Dinas</strong> dan <strong>Paspor Biasa</strong>.</span></p>\r\n<p class="post-content" style="text-align: justify;">&nbsp;</p>\r\n<p class="post-content" style="text-align: justify;"><span style="color: #000000;"> Paspor Diplomatik diterbitkan bagi warga Negara Indonesia yang melakukan perjalanan keluar Wilayah Indonesia dalam rangka penempatan atau perjalanan tugas yang bersifat diplomatik. Sedangkan&nbsp;Paspor Dinas diterbitkan bagi warga Negara Indonesia yang melakukan perjalanan keluar Wilayah Indonesia dalam rangka penempatan atau perjalanan dinas yang tidak bersifat diplomatik. Paspor Diplomatik dan Paspor Dinas diterbitkan oleh Menteri Luar Negeri.</span></p>\r\n<div class="post-content">\r\n<p style="text-align: justify;"><span style="color: #000000;">Paspor biasa diterbitkan oleh Menteri atau Pejabat Imigrasi yang ditunjuk dan diterbitkan untuk warga Negara Indonesia. Paspor biasa berisi 24 atau 48 halaman dan berlaku selama 5 tahun. Paspor merupakan dokumen milik negara yang dapat dibatalkan atau dicabut sewaktu-waktu oleh negara tanpa pemberitahuan.</span></p>\r\n<p style="text-align: justify;"><span style="color: #000000;">Paspor digunakan ketika kita akan memasuki perbatasan negara lain. Kemudian pihak berwenang dari negara tujuan akan memberi stempel visa atau lembar lampiran yang ditempel pada halaman paspor sebagai bukti izin untuk masuk ke suatu negara.&nbsp;</span></p>\r\n<p style="text-align: justify;"><span style="color: #000000;">Pada umumnya paspor berisikan tentang identitas lengkap pemegang paspor yang meliputi: foto, nama lengkap, jenis kelamin, tempat dan tanggal lahir, serta tandatangan pemegang paspor tersebut. Informasi lain yang terdapat pada paspor yakni kode negara, nomor (unik) paspor, tanggal penerbitan dan berakhirnya paspor, institusi penerbit, dan nama pejabat berwenang yang menerbitkan lengkap dengan tandatangan dan stempelnya.</span></p>\r\n<p style="text-align: justify;"><span style="color: #000000;">Dengan kemajuan teknologi, saat ini di Indonesia dan beberapa negara lain telah mengeluarkan e-passport atau elektronik passport sebagai pengganti jenis paspor konvensional yang ada saat ini. Mekanisme e-passport ini yakni dengan menanamkan suatu chip yang berisikan biodata pemegangnya dan dilengkapi dengan data biometrik-nya untuk memberi jaminan kepastian bahwa pemegang paspor tersebut adalah benar pemilik yang sah.</span></p>\r\n</div>\r\n</div>\r\n</div>\r\n</div>\r\n</td>\r\n</tr>\r\n</tbody>\r\n</table>\r\n<p>&nbsp;</p>\r\n<p style="text-align: justify;">&nbsp;</p>\r\n<div class="bt-quote bt-quote-default ">\r\n<div class="bt-quote-inner">\r\n<p><span class="fusion-imageframe imageframe imageframe-none imageframe-1">Paspor Republik Indonesia yang selanjutnya disebut Paspor adalah dokumen yang dikeluarkan oleh Pemerintah Republik Indonesia kepada warga Negara Indonesia untuk melakukan perjalanan antarnegara yang berlaku selama jangka waktu tertentu&nbsp;(<em><strong>UU No. 6 Tahun 2011</strong></em>)</span>.</p>\r\n<p>&nbsp;</p>\r\n<p><span style="color: #000000;">Melampirkan berkas asli &amp; foto copy dengan menggunakan kertas A4 antara lain</span><br /><br /><span style="color: #000000;">1. Bukti domisili, terdiri dari :</span><br /><span style="color: #000000;">&nbsp;&nbsp;&nbsp;&nbsp; a. Bagi WNI yang bertempat tinggal di wilayah Indonesia berupa Kartu Tanda Penduduk (e-KTP) dilengkapi dengan Kartu Keluarga (KK). *</span><br /><span style="color: #000000;">&nbsp;&nbsp;&nbsp;&nbsp; b. Bagi WNI yang bertempat di luar negeri, Tanda Bukti Penduduk (Identity Card) Negara setempat, atau Bukti/Petunjuk/Keterangan lain yang menunjukan bahwa pemohon bertempat tinggal di Negara tersebut.</span><br /><br /><span style="color: #000000;">2. Bukti Identitas, antara lain :</span><br /><span style="color: #000000;">&nbsp;&nbsp; a.&nbsp; Akte Kelahiran, atau</span><br /><span style="color: #000000;">&nbsp;&nbsp; b.&nbsp; Ijasah (SD/SLTP/SLTA), atau **</span><br /><span style="color: #000000;">&nbsp;&nbsp; c.&nbsp; Akte Perkawinan / Akte Nikah yang mencantumkan tentang tanggal, bulan dan tahun kelahiran. ***</span><br /><br /><span style="color: #000000;">3. Surat Ganti Nama, bagi yang pernah mengganti nama sesuai&nbsp; ketentuan yang berlaku.</span><br /><span style="color: #000000;">4. khusus untuk TKI, melampirkan surat rekomendasi dari Kementerian/Dinas Tenaga Kerja</span><br /><span style="color: #000000;">5. Surat Rekomendasi, Kementerian Agama dan travel Umroh bagi yang ingin menjalankan ibadah Umroh.</span><br /><span style="color: #000000;">6. Surat Keterangan Hilang dari kepolisian bagi pemohon yang paspornya hilang</span><br /><br /><br />&nbsp;</p>\r\n<div class="bt-quote bt-quote-default ">\r\n<div class="bt-quote-inner">\r\n<p>Berdasarkan Surat Edaran Direktur Jendral Imigrasi No. IMI-0342.GR.01.01 Tahun 2014 Tentang "Penertiban Proses Pengurusan Passpor RI oleh Penyelenggara Perjalanan Ibadah Umroh (PPIP).</p>\r\n</div>\r\n</div>\r\n</div>\r\n</div>', 'bgr5.png', '2019-10-03 15:00:16', 'admin', 1, 9),
	(13, 'Paspor Anak', '<p>Sesuai SE DIRJENIM Nomor: IMI-1562 GR 01.01 Tahun 2014<br /><br />tentang Peningkatan Kewaspadaan Dalam Penerbitan Paspor (Permohonan Wajib Diajukan oleh Orang Tua)<br /><br />1. Melampirkan Berkas Asli dan foto copy dengan menggunakan kertas A4 terdiri dari :<br /><br />&nbsp;&nbsp; a. Akte Kelahiran/Surat Baptis;<br />&nbsp;&nbsp; b. KTP kedua Orang Tua;<br />&nbsp;&nbsp; c. Kartu Keluarga;<br />&nbsp;&nbsp; d. Akte Perkawinan/Buku Nikah Orang Tua;<br />&nbsp;&nbsp; e. Foto Copy Paspor Orang Tua/Orang yang membawa dan masih berlaku<br /><br />2. Surat ganti nama, bagi yang pernah mengganti nama sesuai ketentuan yang berlaku.<br /><br />3. Paspor RI yang lama bagi Pemohon yang sebelumnya memiliki Paspor<br /><br />4. Surat Pernyataan bermaterai Rp.6000,- dari keua orang tua yang berisi antara lain : bertanggung jawab terhadap keberadaan Paspor Anak, keberangkatan dan kepulangan ke Indonesia<br /><br />Bagi Pemohon Paspor untuk anak yang akan berangkat ke luar negeri tidak bersama orang tuannya, selain melampirkan persyaratan yang terdapat diatas, juga harus Melampirkan :<br /><br />1. Foto Copy KTP orang yang akan membawa keluar negeri yang masih berlaku;<br /><br />2. Foto Copy Paspor orang yang akan membawa keluar negeri;<br /><br />3. Surat Pernyatan Bermaterai Rp.6000, dari kedua orang tua yang berisi antara lain:<br /><br />&nbsp;&nbsp; "Memberikan Izin bagi anak untuk berpergian keluar negeri bersama orang lain"<br /><br />4. Surat Pernyatan Bermaterai Rp.6000 dari orang yang akan membawa anak tersebut yang berisi antara lain :<br /><br />&nbsp;&nbsp; "Pernyatan bertanggung jawab terhadap keberadaan anak dan paspor yang dimilikinya, keberangkatan dan kepulangan ke Indonesia"</p>ngan ke Indonesia"', 'bgr5.png', '2019-10-03 15:00:16', 'admin', 1, 10),
	(14, 'Biaya PAspor', '<h3 style="text-align: center;">Biaya Pembuatan Paspor</h3>\r\n<p>Biaya pembuatan paspor sesuai dengan Peraturan Pemerintah Republik Indonesia Nomor 10 Tahun 2015 Tentang Perubahan Atas Peraturan Pemerintah Nomor 45 Tahun 2014 Tentang Jenis dan Tarif Atas Jenis Penerimaan Negara Bukan Pajak yang Berlaku pada Kementerian Hukum dan Hak Asasi Manusia :</p>\r\n<table class="zebra" style="height: 847px; margin-left: auto; margin-right: auto;" border="0" width="auto" cellspacing="0" cellpadding="0"><colgroup><col width="29" /><col width="428" /><col width="77" /><col width="98" /></colgroup>\r\n<tbody>\r\n<tr>\r\n<td width="29" height="26"><strong>&nbsp;</strong></td>\r\n<td class="xl66" width="428"><strong>PENERIMAAN NEGARA BUKAN PAJAK</strong></td>\r\n<td class="xl67" width="77"><strong>SATUAN</strong></td>\r\n<td class="xl67" width="98"><strong>TARIF</strong></td>\r\n</tr>\r\n<tr>\r\n<td class="xl71" height="20"><strong>A.</strong></td>\r\n<td class="xl68" width="428"><strong>PASPOR BIASA</strong></td>\r\n<td>&nbsp;</td>\r\n<td>&nbsp;</td>\r\n</tr>\r\n<tr>\r\n<td class="xl70" height="20">1</td>\r\n<td class="xl64" width="428">Paspor biasa 48 halaman untuk WNI</td>\r\n<td class="xl65">Per Buku</td>\r\n<td class="xl69">Rp&nbsp;300.000,-</td>\r\n</tr>\r\n<tr>\r\n<td class="xl70" height="40">2</td>\r\n<td class="xl64" width="428">Paspor biasa 24 halaman untuk WNI</td>\r\n<td class="xl65">Per Buku</td>\r\n<td class="xl69">Rp&nbsp;100.000,-</td>\r\n</tr>\r\n<tr>\r\n<td class="xl70" height="60">3</td>\r\n<td class="xl64" width="428">surat Perjalanan Laksana Paspor untuk WNI Perorangan</td>\r\n<td class="xl65">Per Buku</td>\r\n<td class="xl69">Rp&nbsp;50.000,-</td>\r\n</tr>\r\n<tr>\r\n<td class="xl70" height="20">4</td>\r\n<td class="xl64" width="428">Surat Perjalanan Laksana Paspor untuk WNI Dua Orang atau Lebih</td>\r\n<td class="xl65">Per Buku</td>\r\n<td class="xl69">Rp&nbsp;100.000,-</td>\r\n</tr>\r\n<tr>\r\n<td class="xl70" height="40">5</td>\r\n<td class="xl64" width="428">Surat Perjalanan Laksana Paspor untuk WNI Dua Orang Asing</td>\r\n<td class="xl65">Per Buku</td>\r\n<td class="xl69">Rp&nbsp;100.000,-</td>\r\n</tr>\r\n<tr>\r\n<td class="xl70" height="60">6</td>\r\n<td class="xl64" width="428">Paspor Biasa 24 Halaman Pengganti yang Hilang yang Masih Berlaku</td>\r\n<td class="xl65">Per Buku</td>\r\n<td class="xl69">Rp&nbsp;200.000,-</td>\r\n</tr>\r\n<tr>\r\n<td class="xl70" height="20">7</td>\r\n<td class="xl64" width="428">Paspor Biasa 24 Halaman Pengganti yang Rusak yang Masih Berlaku</td>\r\n<td class="xl65">Per Buku</td>\r\n<td class="xl69">Rp&nbsp;100.000,-</td>\r\n</tr>\r\n<tr>\r\n<td class="xl70" height="20">8</td>\r\n<td class="xl64" width="428">Paspor Biasa 48 Halaman Pengganti yang Hilang yang Masih Berlaku</td>\r\n<td class="xl65">Per Buku</td>\r\n<td class="xl69">Rp&nbsp;600.000,-</td>\r\n</tr>\r\n<tr>\r\n<td class="xl70" height="20">9</td>\r\n<td class="xl64" width="428">Paspor Biasa 48 Halaman Pengganti yang Rusak yang Masih Berlaku</td>\r\n<td class="xl65">Per Buku</td>\r\n<td class="xl69">Rp&nbsp;300.000,-</td>\r\n</tr>\r\n<tr>\r\n<td class="xl70" height="20">10</td>\r\n<td class="xl64" width="428">&nbsp;Paspor Biasa 24 Halaman Pengganti yang Hilang /Rusak yang Masih Belaku disebabkan Karena Bencana Alam dan Awak Kapal yang Kapalnya Tenggelam</td>\r\n<td class="xl65">Per Buku</td>\r\n<td class="xl69">Rp&nbsp;100.000,-</td>\r\n</tr>\r\n<tr>\r\n<td class="xl70" height="40">11</td>\r\n<td class="xl64" width="428">Paspor Biasa 48 Halaman Pengganti yang Hilang /Rusak yang Masih Belaku disebabkan Karena Bencana Alam dan Awak Kapal yang Kapalnya Tenggelam</td>\r\n<td class="xl65">Per Buku</td>\r\n<td class="xl69">Rp&nbsp;300.000,-</td>\r\n</tr>\r\n<tr>\r\n<td height="20">&nbsp;12</td>\r\n<td class="xl63" width="428">&nbsp;Pas Lintas Batas Perorangan</td>\r\n<td>&nbsp;Per Buku</td>\r\n<td>&nbsp;Rp.0,-</td>\r\n</tr>\r\n<tr>\r\n<td height="20">13</td>\r\n<td class="xl63" width="428">&nbsp;Pas Lintas Batas Keluarga</td>\r\n<td>&nbsp;Per Buku</td>\r\n<td>&nbsp;Rp.0,-</td>\r\n</tr>\r\n<tr>\r\n<td height="20">14</td>\r\n<td class="xl63" width="428">&nbsp;Jasa Penggunaan Teknologi sistem Penerbitan Dokumen Keimigrasian Berbasis Biometrik</td>\r\n<td>&nbsp;Per Buku</td>\r\n<td>Rp. 55.000,-</td>\r\n</tr>\r\n<tr>\r\n<td class="xl71" height="20"><strong>B.</strong></td>\r\n<td class="xl68" width="428"><strong>PASPOR BIASA ELEKTRONIS</strong></td>\r\n<td>&nbsp;</td>\r\n<td>&nbsp;</td>\r\n</tr>\r\n<tr>\r\n<td class="xl70" height="20">1</td>\r\n<td class="xl64" width="428">Paspor Biasa Elektronis&nbsp;<em>(E-Passport)&nbsp;</em>&nbsp;48 Halaman untuk WNI&nbsp;</td>\r\n<td class="xl65">Per Buku</td>\r\n<td class="xl69">Rp&nbsp;600.000,-</td>\r\n</tr>\r\n<tr>\r\n<td class="xl70" height="40">2</td>\r\n<td class="xl64" width="428">Paspor Biasa Elektronis&nbsp;<em>(E-Passport)&nbsp;</em>&nbsp;24 Halaman untuk WNI</td>\r\n<td class="xl65">Per Buku</td>\r\n<td class="xl69">Rp&nbsp;350.000,-</td>\r\n</tr>\r\n<tr>\r\n<td class="xl70" height="60">3</td>\r\n<td class="xl64" width="428">Paspor Biasa Elektronis&nbsp;<em>(E-Passport)&nbsp;</em>&nbsp;24 Halaman Pengganti yang Hilang yang Masih Berlaku</td>\r\n<td class="xl65">Per Buku</td>\r\n<td class="xl69">Rp&nbsp;800.000,-</td>\r\n</tr>\r\n<tr>\r\n<td class="xl70" height="20">4</td>\r\n<td class="xl64" width="428">Paspor Biasa Elektronis&nbsp;<em>(E-Passport)&nbsp;</em>&nbsp;24 Halaman Pengganti yang Rusak yang Masih Berlaku</td>\r\n<td class="xl65">Per Buku</td>\r\n<td class="xl69">Rp&nbsp;350.000,-</td>\r\n</tr>\r\n<tr>\r\n<td class="xl70" height="40">5</td>\r\n<td class="xl64" width="428">Paspor Biasa Elektronis&nbsp;<em>(E-Passport)&nbsp;</em>&nbsp;48 Halaman Pengganti yang Hilang yang Masih Berlaku</td>\r\n<td class="xl65">Per Buku</td>\r\n<td class="xl69">Rp&nbsp;1.200.000,-</td>\r\n</tr>\r\n<tr>\r\n<td class="xl70" height="60">6</td>\r\n<td class="xl64" width="428">\r\n<p>Paspor Biasa Elektronis&nbsp;<em>(E-Passport)</em>&nbsp;24 Halaman Pengganti yang Hilan/Rusak yang Masih Berlaku Disebabkan Karena Bencana Alam dan Awak Kapal yang Kapalnya Tenggelam</p>\r\n</td>\r\n<td class="xl65">Per Buku</td>\r\n<td class="xl69">Rp&nbsp;350.000,-</td>\r\n</tr>\r\n<tr>\r\n<td class="xl70" height="40">7</td>\r\n<td class="xl64" width="428">\r\n<p>Paspor Biasa Elektronis&nbsp;<em>(E-Passport)</em>&nbsp;48 Halaman Pengganti yang Hilan/Rusak yang Masih Berlaku Disebabkan Karena Bencana Alam dan Awak Kapal yang Kapalnya Tenggelam</p>\r\n</td>\r\n<td class="xl65">Per Buku</td>\r\n<td class="xl69">Rp 600.000,-</td>\r\n</tr>\r\n</tbody>\r\n</table>\r\n<p>&nbsp;</p>', 'bgr5.png', '2019-10-03 15:00:16', 'admin', 1, 11),
	(15, 'Izin Tinggal Kunjungan', '<div class="rl_tabs nn_tabs outline_handles outline_content color_inactive_handles top align_left has_effects">\r\n<div class="tab-content">\r\n<div id="umum" class="tab-pane rl_tabs-pane nn_tabs-pane active">\r\n<p><span style="color: #000000;"><strong>Izin Tinggal Kunjungan diberikan kepada&nbsp;<em>(Visit Stay Permit shall be granted to):</em></strong></span></p>\r\n<ol>\r\n<li><span style="color: #000000;">Orang Asing yang masuk Wilayah Indonesia dengan Visa Kunjungan<em>(Foreginer who enters the Indonesian Territory with a Visit Visa; or)</em></span></li>\r\n<li><span style="color: #000000;">Orang Asing yang masuk Wilayah Indonesia dengan Visa Kunjungan Saat Kedatangan&nbsp;<em>(Foreginer who enters the Indonesian Territory with a visit Visa on Arrival)</em></span></li>\r\n<li><span style="color: #000000;">Anak yang baru lahir di Wilayah Indonesia dan pada saat lahir ayah dan/atau ibunya pemegang Izin Tinggal Kunjungan&nbsp;<em>(Newly child born in the Indonesian Territory and when born his/her father and/ or mother holding a visit Stay Permit)</em></span></li>\r\n</ol>\r\n<ol>\r\n<li><span style="color: #000000;">Izin Tinggal Kunjungan bagi pemegang visa kunjungan 1 kali perjalanan dapat diperpanjang paling banyak 4 (empat) kali dan jangka waktu paling lama 30&nbsp; (tiga puluh) hari&nbsp;<em>(Visit Stay Permit for&nbsp; Visit Visa Holder at once travel may renewed at the maximum of 4 (four) times and the maximum term for each renewal is 30 (thirty) days)</em></span></li>\r\n<li><span style="color: #000000;">Izin Tinggal Kunjungan bagi pemegang Visa Kunjungan Saat Kedatangan dapat diperpanjang 1 (satu) kali untuk waktu paling lama 30 (hari)&nbsp;<em>(Visit Stay Permit for&nbsp; Visa On Arrival Holder can be renewed 1 (once)&nbsp; for the maximum period of 30 (thirty) days)</em></span></li>\r\n<li><span style="color: #000000;">Izin Tinggal Kunjungan bagi pemegang Visa Kunjungan Beberapa kali perjalanan tidak dapat diperpanjang&nbsp;<em>(Visit Stay Permit for multiple visit visa holder&nbsp; is can not be renewed)</em></span></li>\r\n</ol>\r\n<p style="text-align: justify;"><span style="color: #000000;">&nbsp;</span></p>\r\n<div class="bt-quote bt-quote-default ">\r\n<div class="bt-quote-inner">\r\n<p>Perpanjangan Izin Kunjungan diberikan paling banyak <strong>5 (lima) kali</strong> berturut-turut dengan setiap kali perpanjangan untuk jangka waktu<strong> 30 (tiga puluh) hari</strong>.</p>\r\n</div>\r\n</div>\r\n<p>&nbsp;</p>\r\n</div>\r\n</div>\r\n</div>\r\n<div class="bt-quote bt-quote-default ">\r\n<div class="bt-quote-inner">\r\n<p><strong>Berdasarkan Peraturan Menteri Hukum Dan HAM RI Nomor 27 Tahun 2014 </strong>.</p>\r\n<p>&nbsp;</p>\r\n<p>&nbsp;</p>\r\n<div class="rl_tabs nn_tabs outline_handles outline_content color_inactive_handles top align_left has_effects">\r\n<div class="tab-content">\r\n<div id="persyaratan" class="tab-pane rl_tabs-pane nn_tabs-pane active">\r\n<p><span style="color: #000000;"><strong>Persyaratan Izin Tinggal Kunjungan dengan Visa Kunjungan<em>(Requirements Visit Stay Permit who enter Indonesia by Visit Stay Permit) :</em></strong></span></p>\r\n<ol>\r\n<li><span style="color: #000000;">Formulir&nbsp;&nbsp;<em>(form)</em></span></li>\r\n<li><span style="color: #000000;">Paspor kebangsaan yang masih berlaku&nbsp;<em>(valid passport)</em></span></li>\r\n<li><span style="color: #000000;"><em>Surat Permohonan dari penjamin (</em><em>Application Later from The guarantor</em><em>)</em></span></li>\r\n<li><span style="color: #000000;"><strong>Surat Pernyataan dan Jaminan (<em>The waiver and the letter of guarantee</em>)</strong></span></li>\r\n<li><span style="color: #000000;">Surat Kuasa bermaterai Rp. 6000,-&nbsp;<em>(Power of Attorney)</em></span></li>\r\n<li><span style="color: #000000;"><em>KTP Penjamin (</em><em>The guarantor&rsquo;s ID KTP</em><em>)</em></span></li>\r\n<li><span style="color: #000000;"><em>Surat Keterangan Domisili (</em><em>Letter of Domicile</em><em>)</em></span></li>\r\n</ol>\r\n<p><span style="color: #000000;">Keluarga (Family) :</span></p>\r\n<ol>\r\n<li><span style="color: #000000;">Kartu Keluarga (Family Card)</span></li>\r\n<li><span style="color: #000000;">Surat Izin Menikah dari Kedutaan (Marriage License from Embassy)</span></li>\r\n<li><span style="color: #000000;">Surat Nikah / Laporan Perkawinan (Marriage Certificate / Marriage Reports)</span></li>\r\n</ol>\r\n<p><span style="color: #000000;"><strong>Persyaratan Izin Tinggal Kunjungan bagi anak yang lahir di wilayah Indonesia dari orang tua pemegang Izin Tinggal Kunjungan&nbsp;<em>(Requirements of Visit Stay Permit for Newly child born in the Indonesian territory from the parents holding a visit stay permit)</em></strong></span></p>\r\n<ol>\r\n<li><span style="color: #000000;">Formulir&nbsp;<em>(form)</em></span></li>\r\n<li><span style="color: #000000;">Paspor Kebangsaan anak dari perwakilan negaranya di Indonesia&nbsp;<em>(Child nationality passport from its country representative in Indonesia)</em></span></li>\r\n<li><span style="color: #000000;">Surat keterangan kelahiran anak dari rumah sakit atau akte kelahiran dari pejabat yang berwenang&nbsp;<em>(Child&rsquo;s birth certificate from the hospital or birth certificate from the competent authority)</em></span></li>\r\n<li><span style="color: #000000;">Fotokopi paspor kebangsaan orang tua&nbsp;<em>(Photocopy of parents nationality Passport)</em></span></li>\r\n<li><span style="color: #000000;">Fotokopi Izin Tinggal Kunjungan orang tua&nbsp;<em>(Photocopy of a visit stay permit of the parents)</em></span></li>\r\n<li><span style="color: #000000;">Surat keterangan lapor lahir yang dikeluarkan oleh Kantor Imigrasi&nbsp;<em>(Birth Report issued by Immigration Office)</em></span></li>\r\n<li><span style="color: #000000;">Surat Kuasa bermeterai cukup&nbsp;<em>(Power of Attorney)</em></span></li>\r\n</ol>\r\n</div>\r\n</div>\r\n</div>\r\n<p>&nbsp;</p>\r\n<p style="text-align: justify;"><span style="color: #000000;">&nbsp;</span></p>\r\n<div class="bt-quote bt-quote-default ">\r\n<div class="bt-quote-inner">\r\n<p><strong>Berdasarkan Peraturan Menteri Hukum Dan HAM RI Nomor 27 Tahun 2014 </strong>.</p>\r\n<p>&nbsp;</p>\r\n<p>&nbsp;</p>\r\n<div class="rl_tabs nn_tabs outline_handles outline_content color_inactive_handles top align_left has_effects">\r\n<div class="tab-content">\r\n<div id="prosedur" class="tab-pane rl_tabs-pane nn_tabs-pane active">\r\n<p><span style="color: #000000;"><strong>P<em>enerbitan Izin Tinggal Kunjungan yang menjadi kewenangan Kepala Kantor Imigrasi :</em></strong></span></p>\r\n<ol>\r\n<ol>\r\n<li><span style="color: #000000;">Petugas loket penerimaan melakukan pemeriksaan persyaratan, pemindaian dokumen persyaratan dan mengeluarkan Tanda Bukti Penerimaan kepada pemohon yang telah memenuhi persyaratan formal.</span></li>\r\n<li><span style="color: #000000;">Apabila permohonan telah dinilai memenuhi syarat, maka diteruskan kepada Kepala Kantor Imigrasi atau Pejabat Imigrasi yang ditunjuk untuk mendapatkan persetujuan.</span></li>\r\n<li><span style="color: #000000;">Apabila dalam penelitian Kepala Kantor Imigrasi ternyata terdapat indikasi yang meragukan, maka Kepala Kantor Imigrasi memerintahkan Kepala Bidang / Kepala Seks i/ Kepala Subseksi sesuai bidang tugasnya untuk melakukan penelaahan dan menyerahkan hasilnya kepada Kepala Kantor Imigrasi.</span></li>\r\n<li><span style="color: #000000;">Dalam hal permohonan telah disetujui, berkas/file diteruskan kepada Bendahara Penerimaan untuk dilakukan pembayaran biaya imigrasi sesuai dengan peraturan yang berlaku.</span></li>\r\n<li><span style="color: #000000;">Setelah dilakukan pembayaran biaya imigrasi sebagaimana dimaksud pada huruf d, maka proses selanjutnya dilakukan secara berurutan adalah:</span>\r\n<ul>\r\n<li style="list-style-type: disc;"><span style="color: #000000;">Sidik jari dan pengambilan foto yang bersangkutan;</span></li>\r\n<li style="list-style-type: disc;"><span style="color: #000000;">Registrasi dan printing;</span></li>\r\n<li style="list-style-type: disc;"><span style="color: #000000;">Penandatanganan/otorisasi oleh Kepala Kantor Imigrasi atau Pejabat Imigrasi yang ditunjuk.</span></li>\r\n</ul>\r\n</li>\r\n<li><span style="color: #000000;">Dalam hal persyaratan telah terpenuhi &amp; telah dilakukan pembayaran sesuai dengan ketentuan peraturan perundang-undangan, Kepala Kantor Imigrasi atau Pejabat Imigrasi yang ditunjuk dalam waktu paling lama 4 (empat) hari kerja menerbitkan Izin Tinggal kunjungan;</span></li>\r\n<li><span style="color: #000000;">Izin Tinggal Kunjungan yang telah selesai, diteruskan ke Petugas Loket Penyerahan</span></li>\r\n</ol>\r\n</ol>\r\n<p style="text-align: justify;">&nbsp;</p>\r\n</div>\r\n</div>\r\n</div>\r\n<p>&nbsp;</p>\r\n<p style="text-align: justify;"><span style="color: #000000;">&nbsp;</span></p>\r\n<div class="bt-quote bt-quote-default ">\r\n<div class="bt-quote-inner">\r\n<p><strong>Berdasarkan Peraturan Menteri Hukum Dan HAM RI Nomor 27 Tahun 2014 </strong>.</p>\r\n</div>\r\n</div>\r\n</div>\r\n</div>\r\n</div>\r\n</div>', '', '2019-10-03 15:00:16', 'admin', 1, 12),
	(16, 'Izin Tinggal Terbatas (Limited Stay Permit)', '<div>\r\n<div>\r\n<div>\r\n<p>Izin Tinggal Terbatas diberikan kepada&nbsp;<em>(The Limited Stay Permit shall be given to):</em></p>\r\n<ol>\r\n<li>Orang Asing yang masuk Wilayah Indonesia dengan Visa Tinggal Terbatas&nbsp;<em>(Foreigner who enters the Indonesian Territory with a limited Stay Visa);</em></li>\r\n<li>Orang Asing yang diberikan alih status dari Izin Tinggal Kunjungan <em>(Foreigner who is given transfer of status from a Visit Stay Permit).</em></li>\r\n</ol>\r\n</div>\r\n</div>\r\n</div>\r\n<div>\r\n<div>\r\n<p><strong>Berdasarkan Peraturan Menteri Hukum Dan HAM RI Nomor 27 Tahun 2014 </strong>.</p>\r\n<div>\r\n<div>\r\n<div>\r\n<div>\r\n<p><strong>Persyaratan Umum (<em>General Requirements</em>) :</strong></p>\r\n<ol>\r\n<li>Surat Permohonan dari Penjamin (Application letter from guarantor)</li>\r\n<li>Surat Pernyataan dari Penjamin (Letter of statement and guarantee)</li>\r\n<li>Fotokopi KTP Penjamin (Copy of guarantor&rsquo;s ID Card (KTP))</li>\r\n<li>Surat Kuasa Bermaterai (Stamped power of attorney)</li>\r\n<li>Asli dan Fotokopi Paspor (Oroginal and copy of passport)</li>\r\n<li>Surat Keterangan Domisili (Letter of domicile)</li>\r\n</ol>\r\n<p><strong>Mahasiswa (<em>Students</em>)</strong></p>\r\n<p>Fotokopi Surat Izin Belajar dari DIKNAS/DEPAG/DIKTI/DIKDAS</p>\r\n<p><strong>Perkawinan Campuran (Menikah di Indoensia) / <em>Intermarriage Marriage Held In Indoensia</em></strong></p>\r\n<ol>\r\n<li>Fotokopi Kartu Keluarga (Copy of family card)</li>\r\n<li>Fotokopi KTP suami/istri (Copy of husband/wifes ID Card (KTP))</li>\r\n<li>Fotokopi Buku Nikah (Copy of marriage certificate)</li>\r\n</ol>\r\n<p>&nbsp;<strong>Menikah di Luar Negeri (<em>Marriage Held Overseas</em>)</strong></p>\r\n<ol>\r\n<li>Fotokopi Kartu Keluarga (Copy of family card)</li>\r\n<li>Akta Perkawinan atau Buku Nikah diterjemahkan dalam Bahasa Indonesia oleh penerjemah tersumpah, kecuali Bahasa Inggris</li>\r\n<li>Surat Bukti Lapor Pekawinan dari Kantor Pencatatan Sipil</li>\r\n<li>RPTKA dan IMTA untuk tenaga kerja</li>\r\n</ol>\r\n<p><strong>Penyatuan Keluarga (Family Unification)</strong></p>\r\n<ol>\r\n<li>Akte Kelahiran (Birth Certificate)</li>\r\n<li>Surat Nikah Orang Tua (Parents Marriage Certificate)</li>\r\n<li>Fotokopi KTP Orang Tua (Copy of parents ID Card / KTP)</li>\r\n<li>Fotokopi Kartu Keluarga (Copy of Family Card)</li>\r\n<li>Fotokopi Paspor Orang Tua (Copy of Parents Passport)</li>\r\n</ol>\r\n<p><strong>Tenaga Kerja Asing (Foreign Workers)</strong></p>\r\n<ol>\r\n<li>Asli dan Fotokopi IMTA (Original and copy foreign worker employment permit / IMTA)</li>\r\n<li>Asli dan Fotokopi RPTKA (Original and copy of foreign worker employment plan / RPTKA)</li>\r\n<li>Izin Usaha Tetap / SIUP (Trade license / SIUP)</li>\r\n<li>Tanda Daftar Perusahaan (Certificate of Company Registration)</li>\r\n<li>Nomor Pokok Wajib Pajak Perusahaan (Taxpayer registration Number Of Company)</li>\r\n<li>Akta Pendirian Perusahaan (Establishment deed of foundation)</li>\r\n</ol>\r\n<p><strong>Rohaniawan (Ecclesiastic)</strong></p>\r\n<ol>\r\n<li>Surat Rekomendasi Kementerian yang membidangi Keagamaan (Recommendation letter from Ministry of Region)</li>\r\n<li>Asli dan Fotokopi IMTA dan RPTKA (Original and copy of foreign worker employment plan (RPTK) and foreign worker employment permit (IMTA))</li>\r\n<li>Akta Pendirian Yayasan (Establishment deed of foundation)</li>\r\n</ol>\r\n<p><strong>Pendidikan dan Pelatihan (Education and Training)</strong></p>\r\n<ol>\r\n<li>Rekomendasi Kementerian Pendidikan/Keagamaan/Lembaga Pemerintah terkait yang sesuai dengan kegiatan (Recomendation from Ministry of education Corresponded to the activity)</li>\r\n<li>Rekomendasi Sekretariat Negara bagi Penerima Beasiswa (Recomendation from State Secretariat for Scholarship Recipient)</li>\r\n<li>Rekomendasi Kementerian/Lembaga Pemerintah bagi Penelitian (Recomendation from Ministry / Government Institution for Research)</li>\r\n</ol>\r\n<p><strong>Wisatawan Lanjut Usia</strong></p>\r\n<ol>\r\n<li>SIUP Biro Perjalanan Wisata (Trade License (SIUP) of Tourism Travel Agency)</li>\r\n<li>Bukti tersedianya dana untuk kebutuhan hidup di lembaga Dana Pensiun/Bank dari negara asalnya/di Indonesia (Evident of the fund availability for life necessities in Pension Fund Institution / Bank from origin country in Indonesia)</li>\r\n<li>Bukti Polis Asuransi Kesehatan dan Polis Asuransi Kematian (Evident of health and death insurance policy)</li>\r\n<li>Bukti tinggal di sarana akomodasi yang tersedia selama di Indonesia (Evident of staying in accomodation facilities provided for in Indonesia)</li>\r\n</ol>\r\nBukti telah mempekerjakan tenaga Informasi sebagai pramuwisma, supir, penjaga keamanan atau tukang kebun (Evident of employing information personnel as housekeeper, driver, security guard or gardener)<br />\r\n<p>&nbsp;</p>\r\n<div>\r\n<div>\r\n<p>&nbsp;Izin Tinggal terbatas juga dapat diberikan kepada Orang Asing untuk melakukan pekerjaan singkat. .</p>\r\n</div>\r\n</div>\r\n</div>\r\n</div>\r\n</div>\r\n</div>\r\n<div>\r\n<div>\r\n<p><strong>Berdasarkan Peraturan Menteri Hukum Dan HAM RI Nomor 27 Tahun 2014 </strong>.</p>\r\n<div>\r\n<div>\r\n<div>\r\n<ol>\r\n<ol>\r\n<li>Persyaratan khusus :\r\n<ul>\r\n<li>sidik jari, pengambilan foto dan pembubuhan tandatangan yang bersangkutan pada blanko Kartu Izin Tinggal Terbatas;</li>\r\n<li>registrasi dan printing;</li>\r\n<li>penandatanganan/otorisasi Kartu Izin Tinggal Terbatas oleh Kepala Kantor Imigrasi atau Pejabat Imigrasi yang ditunjuk.</li>\r\n</ul>\r\n</li>\r\n<ol>\r\n<li>Petugas loket penerimaan melakukan pemeriksaan persyaratan, pemindaian dokumen persyaratan dan mengeluarkan Tanda Bukti Penerimaan kepada pemohon yang telah memenuhi persyaratan formal.</li>\r\n<li>Apabila permohonan telah dinilai memenuhi syarat, maka diteruskan kepada Kepala Kantor Imigrasi atau Pejabat Imigrasi yang ditunjuk untuk mendapatkan persetujuan.</li>\r\n<li>Apabila dalam penelitian Kepala Kantor Imigrasi ternyata terdapat indikasi yang meragukan, maka Kepala Kantor Imigrasi memerintahkan Kepala Bidang / Kepala Seksi/Kepala Subseksi sesuai bidang tugasnya untuk melakukan penelaahan dan menyerahkan hasilnya kepada Kepala Kantor Imigrasi.</li>\r\n<li>Dalam hal permohonan telah disetujui, berkas/file diteruskan kepada Bendahara Penerimaan untuk dilakukan pembayaran biaya imigrasi sesuai dengan peraturan yang berlaku.</li>\r\n<li>Setelah dilakukan pembayaran biaya imigrasi sebagaimana dimaksud pada huruf d, maka proses selanjutnya dilakukan secara berurutan adalah:</li>\r\n<li>Dalam hal persyaratan telah terpenuhi dan telah dilakukan pengambilan foto, Kepala Kantor Imigrasi atau Pejabat Imigrasi yang ditunjuk dalam waktu paling lama 4 (empat) hari kerja menerbitkan Kartu Izin Tinggal terbatas.</li>\r\n<li>Kartu Izin Tinggal Terbatas yang telah selesai, diteruskan ke Petugas Loket Penyerahan.</li>\r\n</ol>\r\n<li>Penerbitan Izin Tinggal Terbatas yang harus memperoleh persetujuan dari Kepala Divisi Keimigrasian/Direktur Jenderal Imigrasi :\r\n<ul>\r\n<li>sidik jari dan pembubuhan tandatangan yang bersangkutan pada blanko Kartu Izin Tinggal Terbatas;registrasi, printing dan penempelan foto;</li>\r\n<li>penandatanganan/otorisasi Kartu Izin Tinggal Terbatas oleh Kepala Kantor Imigrasi atau Pejabat Imigrasi yang ditunjuk.</li>\r\n</ul>\r\n</li>\r\n<ol>\r\n<li>Petugas Loket melakukan pencatatan penerimaan permohonan dan mengeluarkan Tanda Bukti Penerimaan kepada pemohon yang telah memenuhi persyaratan formal, sekaligus melaksanakan pengecekan daftar cegah tangkal, pengecekan catatan berkas pemohon dan database.</li>\r\n<li>Apabila permohonan telah dinilai memenuhi syarat, permohonan diteruskan kepada Kepala Kantor Imigrasi atau Pejabat Imigrasi yang ditunjuk untuk dibuatkan surat rekomendasi yang ditujukan kepada Kepala Divisi Keimigrasian dengan tembusan Direktur Jenderal Imigrasi.</li>\r\n<li>Apabila dalam penelitian Kepala Kantor Imigrasi, ternyata terdapat indikasi bahwa permohonannya perlu ditelaah lebih lanjut, atau diperlukan penelitian lain, Kepala Kantor Imigrasi memerintahkan Kepala Bidang / Kepala Seksi/Kepala Subseksi sesuai bidang tugasnya untuk melakukan penelitian dan melaporkan hasilnya kepada Kepala Kantor Imigrasi.</li>\r\n<li>Permohonan izin tinggal terbatas diteruskan kepada Kepala Divisi Keimigrasian/Direktur Jenderal Imigrasi untuk memperoleh Surat Keputusan dan Surat Perintah Pelaksanaan.</li>\r\n<li>Dalam hal Surat Perintah Pelaksanaan dari Kepala Divisi Keimigrasian telah diterima, Kepala Kantor Imigrasi memberikan persetujuan penerbitan Kartu Izin Tinggal Terbatas dan berkas/file diteruskan kepada Bendahara Penerimaan untuk dilakukan pembayaran biaya imigrasi sesuai dengan peraturan yang berlaku.</li>\r\n<li>Setelah dilakukan pembayaran biaya imigrasi sebagaimana dimaksud pada huruf e, maka proses selanjutnya dilakukan secara berurutan adalah :</li>\r\n<li>Dalam hal persyaratan telah terpenuhi dan telah dilakukan pengambilan foto, Kepala Kantor Imigrasi atau Pejabat Imigrasi yang ditunjuk dalam waktu paling lama 4 (empat) hari kerja menerbitkan Kartu Izin Tinggal terbatas.</li>\r\n<li>Kartu Izin Tinggal Terbatas yang telah selesai, diteruskan ke Petugas Loket Penyerahan.</li>\r\n</ol>\r\n</ol>\r\n</ol>\r\n</div>\r\n</div>\r\n</div>\r\n<div>\r\n<div>\r\n<p><strong>Berdasarkan Peraturan Menteri Hukum Dan HAM RI Nomor 27 Tahun 2014 </strong>.</p>\r\n</div>\r\n</div>\r\n</div>\r\n</div>\r\n</div>\r\n</div>', NULL, '2019-10-03 15:00:16', 'admin', 1, 13),
	(17, 'Izin Tinggal Tetap', '\r\n    Izin Tinggal Tetap diberikan kepada orang asing pemegang Visa Tinggal Terbatas yang telah tinggal di Indonesia sekurang-kurangnya lima tahun berturut-turut terhitung sejak tanggal diberikannya Izin Tinggal Terbatas. Izin Tinggal Tetap diperoleh sebagai alih status dari izin Tinggal Terbatas.   Pengalihan Alih Status tersebut dapat diberikan atas dasar permohonan orang asing yang bersangkutan.\r\n\r\n    Izin Tinggal Tetap diberikan oleh Direktur Jenderal Imigrasi atas nama Menteri Hukum dan HAM. Permohonan diajukan melalui Kepala Kantor Imigrasi\r\n\r\nPemberian izin Tinggal Tetap diberikan oleh Kepala Kantor Imigrasi kepada orang asing yang bertempat tinggal di wilayah kerja Kantor Imigrasi tersebut dan izin Tinggal tetap hanya diberikan kepada orang asing pemegang paspor kebangsaan, untuk jangka waktu paling lama 5 (lima) tahun dan dapat diperpanjang.\r\n\r\n    Permohonan perpanjangan izin Tinggal Tetap diajukan paling lambat 60 (enam puluh) hari sebelum izin Tinggal Tetap berakhir.\r\n\r\n    Dalam hal izin Tinggal Tetap berakhir, sedangkan Keputusan Direktur Jenderal Imigrasi mengenai permohonan perpanjangan izin Tinggal tetap belum diberikan, Kepala Kantor Imigrasi yang bersangkutan memberikan perpanjangan sementara paling lama 90 (sembilan puluh) hari, terhitung sejak izin Tinggal Tetap berakhir.\r\n\r\nDasar hukum:\r\n\r\n    Peraturan Pemerintah No. 27 Tahun 2014 tentang Prosedur Pemberian dan Perpanjangan Izin Tinggal;\r\n    Peraturan Pemerintah No. 45 Tahun 2014 tentang Jenis dan Tarif atas Jenis Penerimaan Negara Bukan Pajak Yang Berlaku Pada Kementerian Hukum dan Hak Asasi Manusia.\r\n\r\n<ol>\r\n<li>Izin Tinggal Tetap diberikan kepada orang asing pemegang Visa Tinggal Terbatas yang telah tinggal di Indonesia sekurang-kurangnya <u>lima tahun berturut-turut terhitung sejak tanggal diberikannya Izin Tinggal Terbatas</u>. Izin Tinggal Tetap diperoleh sebagai alih status dari izin Tinggal Terbatas. Pengalihan Alih Status tersebut dapat diberikan atas dasar permohonan orang asing yang bersangkutan.</li>\r\n</ol>\r\n<ol start="2">\r\n<li>Izin Tinggal Tetap diberikan oleh Direktur Jenderal Imigrasi atas nama Menteri Hukum dan HAM. Permohonan diajukan melalui Kepala Kantor Imigrasi</li>\r\n</ol>\r\n<p>Pemberian&nbsp;izin&nbsp;Tinggal Tetap diberikan oleh Kepala Kantor Imigrasi kepada orang asing yang bertempat tinggal di wilayah kerja Kantor Imigrasi tersebut dan&nbsp;izin&nbsp;Tinggal tetap hanya diberikan kepada orang asing pemegang paspor kebangsaan, untuk jangka waktu paling lama 5 (lima) tahun dan dapat diperpanjang.</p>\r\n<ol>\r\n<li>Permohonan perpanjangan&nbsp;izin&nbsp;Tinggal Tetap diajukan paling lambat 60 (enam puluh) hari sebelum&nbsp;izin&nbsp;Tinggal Tetap berakhir.</li>\r\n</ol>\r\n<ol start="2">\r\n<li>Dalam hal&nbsp;izin&nbsp;Tinggal Tetap berakhir, sedangkan Keputusan Direktur Jenderal Imigrasi mengenai permohonan perpanjangan&nbsp;izin&nbsp;Tinggal tetap belum diberikan, Kepala Kantor Imigrasi yang bersangkutan memberikan perpanjangan sementara paling lama 90 (sembilan puluh) hari, terhitung sejak&nbsp;izin&nbsp;Tinggal Tetap berakhir.</li>\r\n</ol>\r\n<p><strong><u>Dasar hukum</u></strong><strong>:</strong></p>\r\n<ol>\r\n<li>Peraturan Pemerintah No. 27 Tahun 2014 tentang Prosedur Pemberian dan Perpanjangan Izin Tinggal;</li>\r\n<li>Peraturan Pemerintah No. 45 Tahun 2014 tentang Jenis dan Tarif atas Jenis Penerimaan Negara Bukan Pajak Yang Berlaku Pada Kementerian Hukum dan Hak Asasi Manusia.</li>\r\n</ol>\r\n<p><strong><u>Persyaratan Izin Tinggal Tetap (ITAP):</u></strong></p>\r\n<ol>\r\n<li>Surat Permohonan dari Penjamin (Application letter from guarantor);</li>\r\n<li>Surat Pernyataan dan Jaminan (The weiver and the letter of guarantee);</li>\r\n<li>Fotokopi KTP Penjamin (Copy of guarantors ID);</li>\r\n<li>Asli dan Fotokopi Paspor (Original and copy Passport);</li>\r\n<li>Asli dan Fotokopi KITAS/KTAP (Original and copy limited stay permit card);</li>\r\n<li>Surat Keterangan Domisili (Letter of domicile);</li>\r\n<li>Pernyataan Integritas (Form of Integration);</li>\r\n<li>Surat Keputusan Ahli Status (Degree of Status Convertion).</li>\r\n</ol>\r\n<p><strong>Persyaratan permohonan Izin Tinggal Tetap (ITAP) adalah sebagai berikut :</strong></p>\r\n<p><strong>A. </strong><strong>Persyaratan dari Perusahaan Sponsor</strong></p>\r\n<ol>\r\n<li>Copy Akte Notaris yang telah disahkan oleh Pejabat terkait</li>\r\n<li>Copy SIUP</li>\r\n<li>Copy TDP</li>\r\n<li>Copy Surat keterangan Domisili Perusahaan</li>\r\n<li>Copy NPWP Perusahaan</li>\r\n<li>Copy KTP Direktur</li>\r\n<li>Bagan Organisasi (didalamnya ada posisi untuk calon TKA)</li>\r\n<li>Copy Kontrak Kerja</li>\r\n<li>Surat penunjukkan Staf Pendamping untuk TKA</li>\r\n<li>Copy Surat Wajib Lapor Depnaker untuk mempekerjakan TKA (UU Wajib lapor No.17 tahun 1981)</li>\r\n<li>Surat Sponsor dari perusahaan</li>\r\n<li>Surat Kuasa pengurusan</li>\r\n</ol>\r\n<p><strong>B. Persyaratan Perkawinan Campuran</strong></p>\r\n<ol>\r\n<li>Fotokopi Kartu Keluarga</li>\r\n<li>Fotokopi Surat Izin Menikah dari Kedutaan</li>\r\n<li>Fotokopi Surat Nikah / Surat Lapor Perkawinan</li>\r\n</ol>\r\n<p><strong>C. Persyaratan yang harus disiapkan oleh WNA</strong></p>\r\n<ol>\r\n<li>Copy Paspor (Halaman penuh &ndash; Cover Depan sampai Cover Belakang)</li>\r\n<li>Riwayat Hidup (Curriculum Vitae) &ndash;&gt; Bahasa Inggris atau Indonesia</li>\r\n<li>Copy Ijazah</li>\r\n<li>Pasphoto ukuran 4&times;6; 3&times;4, dan 2&times;3 cm, masing-masing 6 lembar (latar belakang Merah)</li>\r\n</ol>\r\n<p><strong>Prosedur Permohonan Izin Tinggal Tetap sebagai berikut:</strong></p>\r\n<ol>\r\n<li>Permohonan Izin Tinggal Tetap diajukan oleh Orang Asing atau Penjamin kepada Kepala Kantor Imigrasi atau Pejabat Imigrasi yang ditunjuk yang wilayah kerjanya meliputi tempat tinggal Orang Asing yang bersangkutan.</li>\r\n<li>Kepala Kantor Imigrasi atau Pejabat Imigrasi yang ditunjuk harus memeriksa kelengkapan permohonan.</li>\r\n<li>Dalam hal persyaratan telah terpenuhi dan telah dilakukan pengambilan foto, Kepala Kantor Imigrasi atau Pejabat Imigrasi yang ditunjuk dalam waktu paling lama <strong>4 (empat) hari</strong> kerja menerbitkan Izin Tinggal Tetap.</li>\r\n</ol>\r\n<p>The online <a href="https://ruwix.com/online-rubiks-cube-solver-program/" rel="nofollow noopener">Rubik\'s solver program</a> can find easily the moves to sove a scrambled cube.</p>\r\n', NULL, '2019-10-03 15:00:16', 'admin', 1, 14),
	(18, 'Alih Status Izin Tinggal Kunjungan (ITK) ke ITAS', 'Alih Status Izin Tinggal Kunjungan (ITK) ke ITAS\r\n\r\nPerubahan status dari Izin Kunjungan Terbatas ke Izin Tinggal Terbatas, adalah sebagai berikut :\r\n\r\nPersyaratan :\r\n\r\n    Paspor kebangsaan yang sah dan masih berlaku\r\n    Visa/izin tinggal yang masih berlaku\r\n    Surat permohonan dari sponsor\r\n    Ktp/identitas diri sponsor\r\n    Surat pernyataan dan jaminan bermaterai\r\n    Untuk alih status karena perkawinan/penyatuan keluarga melampirkan :\r\n        Akte perkawinan/surat nikah yang disahkan oleh pejabat yang berwenang\r\n        Surat keterangan lapor/pencatatan perkawinan dari instansi yang berwenang apabila pernikahan dilangsungkan diluar negeri\r\n        KTP & KK suami atau isteri WNI\r\n    Untuk alih status karena tenaga kerja asing melampirkan :\r\n        Izin mempergunakan tenaga kerja asing\r\n        Akta pendirian perusahaan\r\n        Tanda daftar perusahaan\r\n    Untuk Rohaniawan melampirkan rekomendasi dari kementerian agama\r\n    Untuk Pelajar/Mahasiswa yang mengikuti pendidikan melampirkan :\r\n        Rekomendasi dari Kemendiknas untuk mahasiswa yang belajar di perguruan swasta\r\n        Rekomendasi Kepala Sekolah Negeri/Rektor PTN bagi mahasiswa yang mengikuti pendidikan di sekolah negeri/PTN di Indonesia.\r\n', NULL, '2019-10-03 15:00:16', 'admin', 1, 15),
	(19, 'PENGEMBALIAN DOKUMEN ', '<p><strong><u>PENGEMBALIAN DOKUMEN</u></strong></p>\r\n<ol>\r\n<li>Surat permohonan dan Penjamin</li>\r\n<li>KTP Penjamin</li>\r\n<li>Asli dan Fotocopi Paspor</li>\r\n<li>Asli dan Fotocopi KITAS</li>\r\n</ol>\r\n<p><strong><u>KELUARGA</u></strong></p>\r\n<ol>\r\n<li>Fotokopi Kartu Keluarga</li>\r\n<li>Fotokopi Surat Izin Menikah Dari Kedutaan</li>\r\n<li>Fotokopi Surat Nikah/ Laporan Perkawinan</li>\r\n</ol>\r\n<p><strong><u>PERKAWINAN CAMPURAN</u></strong></p>\r\n<ol>\r\n<li>Surat Nikah</li>\r\n<li>Kartu Keluarga</li>\r\n</ol>\r\n<p><strong><u>TENAGA KERJA ASING</u></strong></p>\r\n<ol>\r\n<li>Asli dan fotokopi IMTA</li>\r\n</ol>', NULL, '2019-10-03 15:00:16', 'admin', 1, 16),
	(20, 'Mutasi Alamat', '<p><span style="color: #000000;"><strong>MUTASI ALAMAT</strong></span></p>\r\n<ol>\r\n<li><span style="color: #000000;">Surat Permohonan dan Penjaminan</span></li>\r\n<li><span style="color: #000000;">Fotokopi KTP Penjamin</span></li>\r\n<li><span style="color: #000000;">Fotokopi Paspor</span></li>\r\n<li><span style="color: #000000;">Fotocopi KITAS/KITAP</span></li>\r\n<li><span style="color: #000000;">Fotocopi IMTA</span></li>\r\n<li><span style="color: #000000;">Surat Ketarangan Domisili DARI Kelurahan/Kecamatan/ Dukcapil</span></li>\r\n</ol>', NULL, '2019-10-03 15:00:16', 'admin', 1, 17),
	(21, 'Izin Masuk Kembali', '<p><span style="color: #000000;">Pemberian izin masuk kembali diberikan secara bersamaan dengan permohonan pemberian atau perpanjangan Izin Tinggal Terbatas termasuk Izin Tinggal Terbatas saat kedatangan, Izin Tinggal terbatas 90 (sembilan puluh) hari, perpanjangan Izin Tinggal Terbatas 30 (tiga puluh) hari, Izin Tinggal Terbatas perairan dan Izin Tinggal Tetap.</span></p>\r\n<p style="text-align: justify;"><span style="color: #000000;"><strong>DASAR HUKUM</strong>:</span></p>\r\n<ol>\r\n<li style="text-align: justify;"><span style="color: #000000;">Undang-Undang Nomor 6 Tahun 2011 Tentang Keimigrasian;</span></li>\r\n<li style="text-align: justify;"><span style="color: #000000;">Peraturan Pemerintah Nomor 31 Tahun 2013 Tentang Peraturan Pelaksanaan Undang-Undang Nomor 6 Tahun 2011 Tentang Keimigrasian (Lembaran Negara Republik Indonesia Tahun 2011 Nomor 68, Tambahan Lembaran Negara Republik Indonesia Nomor 5409);</span></li>\r\n<li style="text-align: justify;"><span style="color: #000000;">Peraturan Menteri Hukum dan Hak Asasi Manusia Republik Indonesia Nomor 27 Tahun 2014 Tentang Prosedur Teknis Pemberian, Perpanjangan, Penolakan, Pembatalan dan Berakhirnya Izin Tinggal Kunjungan, Izin Tinggal Terbatas dan izin Tinggal Tetap serta Pengecualian dari Kewajiban Memiliki Izin Tinggal.</span></li>\r\n</ol>\r\n<p><span style="color: #000000;"><strong>Persyaratan untuk mendapatkan Izin Masuk Kembali adalah sebagai berikut :</strong></span></p>\r\n<ol>\r\n<li><span style="color: #000000;">Surat Permohonan dari Penjamin (Application letter from guarantor)</span></li>\r\n<li><span style="color: #000000;">Fotokopi KTP Penjamin (Copy of guarantor&rsquo;s ID Card / KTP)</span></li>\r\n<li><span style="color: #000000;">Asli dan Fotokopi Paspor (Original and copy Passport)</span></li>\r\n<li><span style="color: #000000;">Asli dan Fotokopi KITAS (Original and copy limited stay permit card / KITAS)</span></li>\r\n</ol>\r\n<p><span style="color: #000000;"><strong>Pekerja Asing</strong></span></p>\r\n<ol>\r\n<li><span style="color: #000000;">Asli dan Fotokopi IMTA (Original and copy of foreign worker employment permit / IMTA)</span></li>\r\n<li><span style="color: #000000;">Asli dan Fotokopi RPTKA (Original and copy of foreign worker employment plan / RPTKA)</span></li>\r\n</ol>\r\n<p><span style="color: #000000;"><strong>Pernyataan Keluarga</strong></span></p>\r\n<ol>\r\n<li><span style="color: #000000;">Akte Kelahiran (Birth Certificate)</span></li>\r\n<li><span style="color: #000000;">Surat Nikah Orang Tua (Marriage Certificate of Parent)</span></li>\r\n<li><span style="color: #000000;">Fotokopi Paspor Ayah/Ibu (Copy Father/Mother&rsquo;s Passport</span></li>\r\n<li><span style="color: #000000;">Fotokopi KITAP Ayah/Ibu (Copy Father/Mother&rsquo;s Permanent Stay Permit Card / KITAP)</span></li>\r\n<li><span style="color: #000000;">Fotokopi Kartu Keluarga (Copy of Family Card)</span></li>\r\n</ol>\r\n<p><span style="color: #000000;">Penjelasan dari Proses di atas adalah sebagai berikut :</span></p>\r\n<ol>\r\n<li><span style="color: #000000;">Pemohon Orang Asing menyerahkan dokumen kepada Petugas Loket Kantor Imigrasi.</span></li>\r\n<li><span style="color: #000000;">Petugas Loket memeriksa kelengkapan permohonan Pemohon dan menyerahkan ke Seksi Waskadim.</span></li>\r\n<li><span style="color: #000000;">Seksi Waskadim melakukan pemeriksaan terhadap dokumen yang diterima dan melakukan penegecekan pada Daftar Cegah dan melanjutkan dokumen untuk dikirimkan ke bagian Seksi Lantaskim.</span></li>\r\n<li><span style="color: #000000;">Seksi Lantaskim memverifikasi dokumen pemohon dan melanjutkan proses untuk dilengkapi dengan proses pembayaran.</span></li>\r\n<li><span style="color: #000000;">Bendahara Penerima menerima pembayaran dan mencetak Tanda Terima Pembayaran.</span></li>\r\n<li><span style="color: #000000;">Dokumen yang sudah lengkap akan dikirimkan ke Kepala Kantor untuk ditandatangani.</span></li>\r\n<li><span style="color: #000000;">Setelah dokumen di tandatangani akan diserahkan ke bagian Seksi Infokim untnuk dilakukan pengarsipan dan petugas loket.</span></li>\r\n<li><span style="color: #000000;">Petugas Loket akan menyerahkan Izin Masuk Kembali yang sudah disetujui kepada pemohon.</span></li>\r\n</ol>', NULL, '2019-10-03 15:00:16', 'admin', 1, 18),
	(22, 'Kewarganegaraan Ganda (Affidavit)', '<p style="text-align: justify;"><span style="color: #000000;">Anak Berkewarganegaraan Ganda adalah anak sebagaimana dimaksud dalam Pasal 4 huruf c, huruf d, huruf h, dan huruf l serta dalam Pasal 5 Undang-Undang Nomor 12 Tahun 2006 tentang Kewarganegaraan Republik Indonesia. Anak dalam kategori berkewarganegaraan ganda ini diberikan ruang hukum atau kesempatan untuk memiliki 2 (dua) kewarganegaraan secara bersamaan secara terbatas, yaitu hingga usia 18 (delapan belas) tahun atau sebelum itu namun sudah kawin.</span></p>\r\n<p style="text-align: justify;"><span style="color: #000000;">Pembatasan ini diatur dalam Pasal 6 Undang-Undang Nomor 12 Tahun 2006 yang mengamanatkan Anak Berkewarganegaraan Ganda setelah berusia 18 (delapan belas) tahun atau sudah kawin untuk &ldquo;harus menyatakan memilih salah satu kewarganegaraannya&rdquo;. Batas waktu yang diberikan untuk menyampaikan pernyataan untuk memilih kewarganegaraan tersebut adalah untuk disampaikan dalam waktu paling lambat 3 (tiga) tahun setelah anak berusia 18 (delapan belas) tahun atau sudah kawin. Hal ini merupakan implementasi atas penerapan Asas kewarganegaraan ganda (bipatride) sebagai pengecualian dalam Undang-Undang Nomor 12 Tahun 2006, yang bersifat terbatas.</span></p>\r\n<p style="text-align: justify;">&nbsp;</p>\r\n<p style="text-align: justify;"><strong><span style="color: #000000;">Persyaratan :</span></strong></p>\r\n<ol>\r\n<li><span style="color: #000000;">Formulir</span></li>\r\n<li><span style="color: #000000;">Asli dan Fotokopi Paspor Anak</span></li>\r\n<li><span style="color: #000000;">Asli dan Fotokopi Akte Kelahiran Anak</span></li>\r\n<li><span style="color: #000000;">Asli dan Fotokopi Buku Nikah Orangtua</span></li>\r\n<li><span style="color: #000000;">Asli dan Fotokopi Identitas Orangtuaitasb</span></li>\r\n<li><span style="color: #000000;">Asli dan Fotokopi Paspor Orangtua</span></li>\r\n<li><span style="color: #000000;">Asli dan Fotokopi kartu Keluarga</span></li>\r\n</ol>', NULL, '2019-10-03 15:00:16', 'admin', 1, 18),
	(23, 'Biaya Kemigrasian', '<h3 style="text-align: left;"><span style="color: #000000;">&nbsp;</span></h3>\r\n<p><span lang="EN-US" style="color: #000000;">Berdasarkan Peraturan Pemerintah Nomor 45 Tahun 2014 tentang Jenis dan Tarif atas Jenis Penerimaan Negera Bukan Pajak yang Berlaku di Kementerian Hukum dan Hak Asasi Manusia</span></p>\r\n<p>&nbsp;</p>\r\n<div class="table-2">\r\n<table border="0" width="100%" cellspacing="0" cellpadding="0">\r\n<thead>\r\n<tr style="height: 48px;">\r\n<th style="height: 48px; text-align: center; width: 4%;" align="left"><span style="color: #000000;">NO</span></th>\r\n<th style="height: 48px; width: 52%;" align="left"><span style="color: #000000;">PENERIMAAN NEGARA BUKAN PAJAK (PNBP)</span></th>\r\n<th style="text-align: center; height: 48px; width: 21.8973%;" align="center"><span style="color: #000000;">Masa Berlaku</span></th>\r\n<th style="height: 48px; text-align: center; width: 18.1027%;" align="right"><span style="color: #000000;">TARIF (Rp)</span></th>\r\n</tr>\r\n</thead>\r\n<tbody>\r\n<tr style="height: 15px;">\r\n<td style="text-align: center; height: 15px; width: 4%;"><span style="color: #000000;">1</span></td>\r\n<td style="height: 15px; width: 52%;"><span style="color: #000000;"><strong>IZIN TINGGAL KUNJUNGAN</strong></span></td>\r\n<td style="text-align: center; height: 15px; width: 21.8973%;"><span style="color: #000000;">&nbsp;</span></td>\r\n<td style="text-align: right; height: 15px; width: 18.1027%;"><span style="color: #000000;">&nbsp;</span></td>\r\n</tr>\r\n<tr style="height: 15px;">\r\n<td style="text-align: center; height: 15px; width: 4%;"><span style="color: #000000;">&nbsp;</span></td>\r\n<td style="height: 15px; width: 52%;"><span style="color: #000000;">a. Pemberian Izin Kunjungan</span></td>\r\n<td style="text-align: center; height: 15px; width: 21.8973%;"><span style="color: #000000;">&nbsp;</span></td>\r\n<td style="text-align: right; height: 15px; width: 18.1027%;"><span style="color: #000000;">300.000</span></td>\r\n</tr>\r\n<tr style="height: 15px;">\r\n<td style="text-align: center; height: 15px; width: 4%;"><span style="color: #000000;">&nbsp;</span></td>\r\n<td style="height: 15px; width: 52%;"><span style="color: #000000;">b. Perpanjangan Izin Kunjungan</span></td>\r\n<td style="text-align: center; height: 15px; width: 21.8973%;"><span style="color: #000000;">&nbsp;</span></td>\r\n<td style="text-align: right; height: 15px; width: 18.1027%;"><span style="color: #000000;">300.000</span></td>\r\n</tr>\r\n<tr style="height: 15px;">\r\n<td style="text-align: center; height: 15px; width: 4%;"><span style="color: #000000;">&nbsp;</span></td>\r\n<td style="height: 15px; width: 52%;"><span style="color: #000000;">&nbsp;</span></td>\r\n<td style="text-align: center; height: 15px; width: 21.8973%;"><span style="color: #000000;">&nbsp;</span></td>\r\n<td style="text-align: right; height: 15px; width: 18.1027%;"><span style="color: #000000;">&nbsp;</span></td>\r\n</tr>\r\n<tr style="height: 15px;">\r\n<td style="text-align: center; height: 15px; width: 4%;"><span style="color: #000000;">2</span></td>\r\n<td style="height: 15px; width: 52%;"><span style="color: #000000;"><strong>IZIN TINGGAL TERBATAS<br /></strong></span></td>\r\n<td style="text-align: center; height: 15px; width: 21.8973%;"><span style="color: #000000;">&nbsp;</span></td>\r\n<td style="text-align: right; height: 15px; width: 18.1027%;"><span style="color: #000000;">&nbsp;</span></td>\r\n</tr>\r\n<tr style="height: 15px;">\r\n<td style="text-align: center; height: 15px; width: 4%;"><span style="color: #000000;">&nbsp;</span></td>\r\n<td style="height: 15px; width: 52%;"><span style="color: #000000;">Pemberian Izin Tinggal Terbatas</span></td>\r\n<td style="text-align: center; height: 15px; width: 21.8973%;"><span style="color: #000000;">&nbsp;</span></td>\r\n<td style="text-align: right; height: 15px; width: 18.1027%;"><span style="color: #000000;">&nbsp;</span></td>\r\n</tr>\r\n<tr style="height: 15px;">\r\n<td style="text-align: center; height: 15px; width: 4%;"><span style="color: #000000;">&nbsp;</span></td>\r\n<td style="height: 15px; width: 52%;"><span style="color: #000000;">a. Saat Kedatangan</span></td>\r\n<td style="text-align: center; height: 15px; width: 21.8973%;"><span style="color: #000000;">&nbsp;</span></td>\r\n<td style="text-align: right; height: 15px; width: 18.1027%;"><span style="color: #000000;">450.000</span></td>\r\n</tr>\r\n<tr style="height: 15px;">\r\n<td style="text-align: center; height: 15px; width: 4%;"><span style="color: #000000;">&nbsp;</span></td>\r\n<td style="height: 15px; width: 52%;"><span style="color: #000000;">b. Izin Tinggal Terbatas Elektronik (E-KITAS)</span></td>\r\n<td style="text-align: center; height: 15px; width: 21.8973%;"><span style="color: #000000;">6 Bulan</span></td>\r\n<td style="text-align: right; height: 15px; width: 18.1027%;"><span style="color: #000000;">650.000</span></td>\r\n</tr>\r\n<tr style="height: 15px;">\r\n<td style="text-align: center; height: 15px; width: 4%;"><span style="color: #000000;">&nbsp;</span></td>\r\n<td style="height: 15px; width: 52%;"><span style="color: #000000;">c. Izin Tinggal Terbatas Elektronik (E-KITAS)</span></td>\r\n<td style="text-align: center; height: 15px; width: 21.8973%;"><span style="color: #000000;">1 Tahun</span></td>\r\n<td style="text-align: right; height: 15px; width: 18.1027%;"><span style="color: #000000;">1.000.000</span></td>\r\n</tr>\r\n<tr style="height: 15px;">\r\n<td style="text-align: center; height: 15px; width: 4%;"><span style="color: #000000;">&nbsp;</span></td>\r\n<td style="height: 15px; width: 52%;"><span style="color: #000000;">d. Izin Tinggal Terbatas Elektronik (E-KITAS)</span></td>\r\n<td style="text-align: center; height: 15px; width: 21.8973%;"><span style="color: #000000;">2 Tahun</span></td>\r\n<td style="text-align: right; height: 15px; width: 18.1027%;"><span style="color: #000000;">1.600.000</span></td>\r\n</tr>\r\n<tr style="height: 15px;">\r\n<td style="vertical-align: top; text-align: center; height: 15px; width: 4%;"><span style="color: #000000;">&nbsp;</span></td>\r\n<td style="vertical-align: top; height: 15px; width: 52%;"><span style="color: #000000;">Perpanjangan Izin Tinggal Terbatas</span></td>\r\n<td style="vertical-align: bottom; text-align: center; height: 15px; width: 21.8973%;"><span style="color: #000000;">&nbsp;</span></td>\r\n<td style="vertical-align: bottom; text-align: right; height: 15px; width: 18.1027%;"><span style="color: #000000;">&nbsp;</span></td>\r\n</tr>\r\n<tr style="height: 15px;">\r\n<td style="vertical-align: top; text-align: center; height: 15px; width: 4%;"><span style="color: #000000;">&nbsp;</span></td>\r\n<td style="vertical-align: top; height: 15px; width: 52%;"><span style="color: #000000;">a. Izin Tinggal Terbatas Elektronik (E-KITAS)</span></td>\r\n<td style="vertical-align: bottom; text-align: center; height: 15px; width: 21.8973%;"><span style="color: #000000;">6 Bulan</span></td>\r\n<td style="vertical-align: bottom; text-align: right; height: 15px; width: 18.1027%;"><span style="color: #000000;">650.000</span></td>\r\n</tr>\r\n<tr style="height: 15px;">\r\n<td style="vertical-align: top; text-align: center; height: 15px; width: 4%;"><span style="color: #000000;">&nbsp;</span></td>\r\n<td style="vertical-align: top; height: 15px; width: 52%;"><span style="color: #000000;">b. Izin Tinggal Terbatas Elektronik (E-KITAS)</span></td>\r\n<td style="vertical-align: bottom; text-align: center; height: 15px; width: 21.8973%;"><span style="color: #000000;">1 Tahun</span></td>\r\n<td style="vertical-align: bottom; text-align: right; height: 15px; width: 18.1027%;"><span style="color: #000000;">1.000.000</span></td>\r\n</tr>\r\n<tr style="height: 15px;">\r\n<td style="vertical-align: top; text-align: center; height: 15px; width: 4%;"><span style="color: #000000;">&nbsp;</span></td>\r\n<td style="vertical-align: top; height: 15px; width: 52%;"><span style="color: #000000;">c. Izin Tinggal Terbatas Elektronik (E-KITAS)</span></td>\r\n<td style="vertical-align: bottom; text-align: center; height: 15px; width: 21.8973%;"><span style="color: #000000;">2 Tahun</span></td>\r\n<td style="vertical-align: bottom; text-align: right; height: 15px; width: 18.1027%;"><span style="color: #000000;">1.600.000</span></td>\r\n</tr>\r\n<tr style="height: 15px;">\r\n<td style="vertical-align: top; text-align: center; height: 15px; width: 4%;"><span style="color: #000000;">&nbsp;</span></td>\r\n<td style="vertical-align: top; height: 15px; width: 52%;"><span style="color: #000000;">Penggantian Izin Tinggal Terbatas&nbsp;Hilang/Rusak dan masih berlaku</span></td>\r\n<td style="vertical-align: bottom; text-align: center; height: 15px; width: 21.8973%;"><span style="color: #000000;">&nbsp;</span></td>\r\n<td style="vertical-align: bottom; text-align: right; height: 15px; width: 18.1027%;"><span style="color: #000000;">&nbsp;</span></td>\r\n</tr>\r\n<tr style="height: 15px;">\r\n<td style="vertical-align: top; text-align: center; height: 15px; width: 4%;"><span style="color: #000000;">&nbsp;</span></td>\r\n<td style="vertical-align: top; height: 15px; width: 52%;"><span style="color: #000000;">&nbsp;a. Izin Tinggal Terbatas Elektronik (E-KITAS)</span></td>\r\n<td style="vertical-align: bottom; text-align: center; height: 15px; width: 21.8973%;"><span style="color: #000000;">6 Bulan&nbsp;</span></td>\r\n<td style="vertical-align: bottom; text-align: right; height: 15px; width: 18.1027%;"><span style="color: #000000;">1.100.000</span></td>\r\n</tr>\r\n<tr style="height: 15px;">\r\n<td style="vertical-align: top; text-align: center; height: 15px; width: 4%;"><span style="color: #000000;">&nbsp;</span></td>\r\n<td style="vertical-align: top; height: 15px; width: 52%;"><span style="color: #000000;">&nbsp;b. Izin Tinggal Terbatas Elektronik (E-KITAS)</span></td>\r\n<td style="vertical-align: bottom; text-align: center; height: 15px; width: 21.8973%;"><span style="color: #000000;">1 Tahun</span></td>\r\n<td style="vertical-align: bottom; text-align: right; height: 15px; width: 18.1027%;"><span style="color: #000000;">2.000.000</span></td>\r\n</tr>\r\n<tr style="height: 15px;">\r\n<td style="vertical-align: top; text-align: center; height: 15px; width: 4%;"><span style="color: #000000;">&nbsp;</span></td>\r\n<td style="vertical-align: top; height: 15px; width: 52%;"><span style="color: #000000;">&nbsp;c. Izin Tinggal Terbatas Elektronik (E-KITAS)</span></td>\r\n<td style="vertical-align: bottom; text-align: center; height: 15px; width: 21.8973%;"><span style="color: #000000;">2 Tahun</span></td>\r\n<td style="vertical-align: bottom; text-align: right; height: 15px; width: 18.1027%;"><span style="color: #000000;">3.000.000</span></td>\r\n</tr>\r\n<tr style="height: 15px;">\r\n<td style="vertical-align: top; text-align: center; height: 15px; width: 4%;"><span style="color: #000000;">&nbsp;</span></td>\r\n<td style="vertical-align: top; height: 15px; width: 52%;"><span style="color: #000000;">&nbsp;</span></td>\r\n<td style="vertical-align: bottom; text-align: center; height: 15px; width: 21.8973%;"><span style="color: #000000;">&nbsp;</span></td>\r\n<td style="vertical-align: bottom; text-align: right; height: 15px; width: 18.1027%;"><span style="color: #000000;">&nbsp;</span></td>\r\n</tr>\r\n<tr style="height: 15px;">\r\n<td style="vertical-align: top; text-align: center; height: 15px; width: 4%;"><strong><span style="color: #000000;">3.&nbsp;</span></strong></td>\r\n<td style="vertical-align: top; height: 15px; width: 52%;"><strong><span style="color: #000000;">&nbsp;IZIN TINGGAL TETAP</span></strong></td>\r\n<td style="vertical-align: bottom; text-align: center; height: 15px; width: 21.8973%;"><span style="color: #000000;">&nbsp;</span></td>\r\n<td style="vertical-align: bottom; text-align: right; height: 15px; width: 18.1027%;"><span style="color: #000000;">&nbsp;</span></td>\r\n</tr>\r\n<tr style="height: 15px;">\r\n<td style="vertical-align: top; text-align: center; height: 15px; width: 4%;"><span style="color: #000000;">&nbsp;</span></td>\r\n<td style="vertical-align: top; height: 15px; width: 52%;"><span style="color: #000000;">&nbsp;Pemberian Izin Tinggal Tetap</span></td>\r\n<td style="vertical-align: bottom; text-align: center; height: 15px; width: 21.8973%;"><span style="color: #000000;">&nbsp;</span></td>\r\n<td style="vertical-align: bottom; text-align: right; height: 15px; width: 18.1027%;"><span style="color: #000000;">&nbsp;</span></td>\r\n</tr>\r\n<tr style="height: 15px;">\r\n<td style="vertical-align: top; text-align: center; height: 15px; width: 4%;"><span style="color: #000000;">&nbsp;</span></td>\r\n<td style="vertical-align: top; height: 15px; width: 52%;"><span style="color: #000000;">a. Izin Tinggal Tetap Elektronik (e-KITAP)<br /></span></td>\r\n<td style="vertical-align: bottom; text-align: center; height: 15px; width: 21.8973%;"><span style="color: #000000;">5 Tahun <br /></span></td>\r\n<td style="vertical-align: bottom; text-align: right; height: 15px; width: 18.1027%;"><span style="color: #000000;">3.700.000 <br /></span></td>\r\n</tr>\r\n<tr style="height: 15px;">\r\n<td style="vertical-align: top; text-align: center; height: 15px; width: 4%;"><span style="color: #000000;">&nbsp;</span></td>\r\n<td style="vertical-align: top; height: 15px; width: 52%;"><span style="color: #000000;">&nbsp;Perpanjangan Izin Tinggal Tetap<br /></span></td>\r\n<td style="vertical-align: bottom; text-align: center; height: 15px; width: 21.8973%;"><span style="color: #000000;">&nbsp;</span></td>\r\n<td style="vertical-align: bottom; text-align: right; height: 15px; width: 18.1027%;"><span style="color: #000000;">&nbsp;</span></td>\r\n</tr>\r\n<tr style="height: 15px;">\r\n<td style="vertical-align: top; text-align: center; height: 15px; width: 4%;"><span style="color: #000000;">&nbsp;</span></td>\r\n<td style="vertical-align: top; height: 15px; width: 52%;"><span style="color: #000000;">a. Izin Tinggal Tetap Elektronik (e-KITAP)</span></td>\r\n<td style="vertical-align: bottom; text-align: center; height: 15px; width: 21.8973%;"><span style="color: #000000;">Tidak Terbatas <br /></span></td>\r\n<td style="vertical-align: bottom; text-align: right; height: 15px; width: 18.1027%;"><span style="color: #000000;">10.200.000 <br /></span></td>\r\n</tr>\r\n<tr style="height: 15px;">\r\n<td style="vertical-align: top; text-align: center; height: 15px; width: 4%;"><span style="color: #000000;">&nbsp;</span></td>\r\n<td style="vertical-align: top; height: 15px; width: 52%;"><span style="color: #000000;">Penggantian Izin Tinggal Tetap&nbsp;Hilang/Rusak Dan Masih Berlaku</span></td>\r\n<td style="vertical-align: bottom; text-align: center; height: 15px; width: 21.8973%;"><span style="color: #000000;">&nbsp;</span></td>\r\n<td style="vertical-align: bottom; text-align: right; height: 15px; width: 18.1027%;"><span style="color: #000000;">&nbsp;</span></td>\r\n</tr>\r\n<tr style="height: 15px;">\r\n<td style="vertical-align: top; text-align: center; height: 15px; width: 4%;"><span style="color: #000000;">&nbsp;</span></td>\r\n<td style="vertical-align: top; height: 15px; width: 52%;"><span style="color: #000000;">&nbsp;a. Izin Tinggal Tetap Elektronik (e-KITAP)</span></td>\r\n<td style="vertical-align: bottom; text-align: center; height: 15px; width: 21.8973%;"><span style="color: #000000;">&nbsp;5 Tahun<br /></span></td>\r\n<td style="vertical-align: bottom; text-align: right; height: 15px; width: 18.1027%;"><span style="color: #000000;">1.700.000 <br /></span></td>\r\n</tr>\r\n<tr style="height: 15px;">\r\n<td style="vertical-align: top; text-align: center; height: 15px; width: 4%;"><span style="color: #000000;">&nbsp;</span></td>\r\n<td style="vertical-align: top; height: 15px; width: 52%;"><span style="color: #000000;">&nbsp;b. Izin Tinggal Tetap Elektronik (e-KITAP)</span></td>\r\n<td style="vertical-align: bottom; text-align: center; height: 15px; width: 21.8973%;"><span style="color: #000000;">&nbsp;Tidak Terbatas<br /></span></td>\r\n<td style="vertical-align: bottom; text-align: right; height: 15px; width: 18.1027%;"><span style="color: #000000;">3.200.000 <br /></span></td>\r\n</tr>\r\n<tr style="height: 15px;">\r\n<td style="vertical-align: top; text-align: center; height: 15px; width: 4%;"><span style="color: #000000;">&nbsp;</span></td>\r\n<td style="vertical-align: top; height: 15px; width: 52%;"><span style="color: #000000;">&nbsp;</span></td>\r\n<td style="vertical-align: bottom; text-align: center; height: 15px; width: 21.8973%;"><span style="color: #000000;">&nbsp;</span></td>\r\n<td style="vertical-align: bottom; text-align: right; height: 15px; width: 18.1027%;"><span style="color: #000000;">&nbsp;</span></td>\r\n</tr>\r\n<tr style="height: 15px;">\r\n<td style="vertical-align: top; text-align: center; height: 15px; width: 4%;"><span style="color: #000000;">&nbsp;4</span></td>\r\n<td style="vertical-align: top; height: 15px; width: 52%;"><strong><span style="color: #000000;">IZIN MASUK KEMBALI <em>(Re-entry Permit)</em><br /></span></strong></td>\r\n<td style="vertical-align: bottom; text-align: center; height: 15px; width: 21.8973%;"><span style="color: #000000;">1 Tahun<br /></span></td>\r\n<td style="vertical-align: bottom; text-align: right; height: 15px; width: 18.1027%;"><span style="color: #000000;">1.000.000 <br /></span></td>\r\n</tr>\r\n<tr style="height: 15px;">\r\n<td style="vertical-align: top; text-align: center; height: 15px; width: 4%;"><span style="color: #000000;">&nbsp;</span></td>\r\n<td style="vertical-align: top; height: 15px; width: 52%;"><span style="color: #000000;">a. MREP<br /></span></td>\r\n<td style="text-align: center; vertical-align: top; height: 15px; width: 21.8973%;"><span style="color: #000000;">2 Tahun <br /></span></td>\r\n<td style="vertical-align: top; text-align: right; height: 15px; width: 18.1027%;"><span style="color: #000000;">1.750.000 <br /></span></td>\r\n</tr>\r\n<tr style="height: 15px;">\r\n<td style="vertical-align: top; text-align: center; height: 15px; width: 4%;"><span style="color: #000000;">&nbsp;</span></td>\r\n<td style="vertical-align: top; height: 15px; width: 52%;"><span style="color: #000000;">b. MREP</span></td>\r\n<td style="vertical-align: bottom; text-align: center; height: 15px; width: 21.8973%;"><span style="color: #000000;">&nbsp;</span></td>\r\n<td style="vertical-align: bottom; text-align: right; height: 15px; width: 18.1027%;"><span style="color: #000000;">3.000.000 <br /></span></td>\r\n</tr>\r\n<tr style="height: 15px;">\r\n<td style="vertical-align: top; text-align: center; height: 15px; width: 4%;"><span style="color: #000000;">&nbsp;</span></td>\r\n<td style="vertical-align: top; height: 15px; width: 52%;"><span style="color: #000000;">Surat Keterangan Keimigrasian <br /></span></td>\r\n<td style="vertical-align: bottom; text-align: center; height: 15px; width: 21.8973%;"><span style="color: #000000;">&nbsp;</span></td>\r\n<td style="vertical-align: bottom; text-align: right; height: 15px; width: 18.1027%;"><span style="color: #000000;">&nbsp;</span></td>\r\n</tr>\r\n<tr style="height: 15px;">\r\n<td style="vertical-align: top; text-align: center; height: 15px; width: 4%;"><span style="color: #000000;">&nbsp;</span></td>\r\n<td style="vertical-align: top; height: 15px; width: 52%;"><span style="color: #000000;">&nbsp;</span></td>\r\n<td style="vertical-align: bottom; text-align: center; height: 15px; width: 21.8973%;"><span style="color: #000000;">&nbsp;</span></td>\r\n<td style="vertical-align: bottom; text-align: right; height: 15px; width: 18.1027%;"><span style="color: #000000;">&nbsp;</span></td>\r\n</tr>\r\n<tr style="height: 15px;">\r\n<td style="vertical-align: top; text-align: center; height: 15px; width: 4%;"><span style="color: #000000;">&nbsp;5.</span></td>\r\n<td style="vertical-align: top; height: 15px; width: 52%;"><span style="color: #000000;">&nbsp;<strong>AFFIDAVIT</strong></span></td>\r\n<td style="vertical-align: bottom; text-align: center; height: 15px; width: 21.8973%;"><span style="color: #000000;">&nbsp;</span></td>\r\n<td style="vertical-align: bottom; text-align: right; height: 15px; width: 18.1027%;"><span style="color: #000000;">&nbsp;</span></td>\r\n</tr>\r\n<tr style="height: 15px;">\r\n<td style="vertical-align: top; text-align: center; height: 15px; width: 4%;"><span style="color: #000000;">&nbsp;</span></td>\r\n<td style="vertical-align: top; height: 15px; width: 52%;"><span style="color: #000000;">&nbsp;a. Fasilitas Keimigrasian (Affidavit) Bagi Anak <br /></span></td>\r\n<td style="vertical-align: bottom; text-align: center; height: 15px; width: 21.8973%;"><span style="color: #000000;">&nbsp;</span></td>\r\n<td style="vertical-align: bottom; text-align: right; height: 15px; width: 18.1027%;"><span style="color: #000000;">350.000 <br /></span></td>\r\n</tr>\r\n<tr style="height: 15px;">\r\n<td style="vertical-align: top; text-align: center; height: 15px; width: 4%;"><span style="color: #000000;">&nbsp;</span></td>\r\n<td style="vertical-align: top; height: 15px; width: 52%;"><span style="color: #000000;">&nbsp;&nbsp;&nbsp;&nbsp; Ganda Elektronik<br /></span></td>\r\n<td style="vertical-align: bottom; text-align: center; height: 15px; width: 21.8973%;"><span style="color: #000000;">&nbsp;</span></td>\r\n<td style="vertical-align: bottom; text-align: right; height: 15px; width: 18.1027%;"><span style="color: #000000;">&nbsp;</span></td>\r\n</tr>\r\n<tr style="height: 15px;">\r\n<td style="vertical-align: top; text-align: center; height: 15px; width: 4%;"><span style="color: #000000;">&nbsp;</span></td>\r\n<td style="vertical-align: top; height: 15px; width: 52%;"><span style="color: #000000;">&nbsp;b. Jasa Pengguna Teknologi Sistem Informasi Manajemen Keimigrasian<br /></span></td>\r\n<td style="vertical-align: bottom; text-align: center; height: 15px; width: 21.8973%;"><span style="color: #000000;">&nbsp;</span></td>\r\n<td style="vertical-align: bottom; text-align: right; height: 15px; width: 18.1027%;"><span style="color: #000000;">55.000 <br /></span></td>\r\n</tr>\r\n<tr style="height: 15px;">\r\n<td style="vertical-align: top; text-align: center; height: 15px; width: 4%;"><span style="color: #000000;">&nbsp;</span></td>\r\n<td style="vertical-align: top; height: 15px; width: 52%;"><span style="color: #000000;">&nbsp;</span></td>\r\n<td style="vertical-align: bottom; text-align: center; height: 15px; width: 21.8973%;"><span style="color: #000000;">&nbsp;</span></td>\r\n<td style="vertical-align: bottom; text-align: right; height: 15px; width: 18.1027%;"><span style="color: #000000;">&nbsp;</span></td>\r\n</tr>\r\n<tr style="height: 22px;">\r\n<td style="vertical-align: top; text-align: center; height: 22px; width: 4%;"><span style="color: #000000;">&nbsp;6.</span></td>\r\n<td style="vertical-align: top; height: 22px; width: 52%;"><strong><span style="color: #000000;">&nbsp;OVERSTAY</span></strong></td>\r\n<td style="text-align: center; vertical-align: top; height: 22px; width: 21.8973%;"><span style="color: #000000;">&nbsp;</span></td>\r\n<td style="vertical-align: top; text-align: right; height: 22px; width: 18.1027%;"><span style="color: #000000;">300.000 <br /></span></td>\r\n</tr>\r\n<tr style="height: 20px;">\r\n<td style="vertical-align: top; text-align: center; height: 20px; width: 4%;"><span style="color: #000000;">&nbsp;</span></td>\r\n<td style="vertical-align: top; height: 20px; width: 52%;"><span style="color: #000000;">&nbsp;</span></td>\r\n</tr>\r\n</tbody>\r\n</table>\r\n</div>', NULL, '2019-10-03 15:00:16', 'admin', 1, 19);
/*!40000 ALTER TABLE `artikel` ENABLE KEYS */;

-- Dumping structure for table web_imbo_ci.image_galeri
CREATE TABLE IF NOT EXISTS `image_galeri` (
  `id_image_galeri` int(11) NOT NULL AUTO_INCREMENT,
  `nama_image_galeri` varchar(50) DEFAULT NULL,
  `url_image_galeri` varchar(50) DEFAULT NULL,
  `keterangan_image_galeri` text,
  PRIMARY KEY (`id_image_galeri`)
) ENGINE=InnoDB DEFAULT CHARSET=utf8;

-- Dumping data for table web_imbo_ci.image_galeri: ~0 rows (approximately)
DELETE FROM `image_galeri`;
/*!40000 ALTER TABLE `image_galeri` DISABLE KEYS */;
/*!40000 ALTER TABLE `image_galeri` ENABLE KEYS */;

-- Dumping structure for table web_imbo_ci.menu
CREATE TABLE IF NOT EXISTS `menu` (
  `id_menu` int(11) NOT NULL AUTO_INCREMENT,
  `nama_menu` varchar(50) DEFAULT NULL,
  `style_menu` int(11) DEFAULT NULL,
  `position_menu` int(11) DEFAULT NULL COMMENT 'urutan',
  PRIMARY KEY (`id_menu`)
) ENGINE=InnoDB AUTO_INCREMENT=8 DEFAULT CHARSET=utf8;

-- Dumping data for table web_imbo_ci.menu: ~7 rows (approximately)
DELETE FROM `menu`;
/*!40000 ALTER TABLE `menu` DISABLE KEYS */;
INSERT INTO `menu` (`id_menu`, `nama_menu`, `style_menu`, `position_menu`) VALUES
	(1, 'Beranda', 1, 1),
	(2, 'Profil', 2, 2),
	(3, 'Layanan Publik', 3, 3),
	(4, 'Info Publik', 2, 4),
	(5, 'Produk Hukum', 2, 5),
	(6, 'Hubungi Kami', 2, 6),
	(7, 'FAQS', 1, 7);
/*!40000 ALTER TABLE `menu` ENABLE KEYS */;

-- Dumping structure for table web_imbo_ci.slide
CREATE TABLE IF NOT EXISTS `slide` (
  `id_slide` int(11) NOT NULL AUTO_INCREMENT,
  `nama_slide` varchar(50) DEFAULT NULL,
  `url_slide` varchar(50) DEFAULT NULL,
  `mulai_slide` date DEFAULT NULL,
  `akhir_slide` date DEFAULT NULL,
  `isactive_slide` tinyint(4) DEFAULT NULL,
  PRIMARY KEY (`id_slide`)
) ENGINE=InnoDB DEFAULT CHARSET=utf8;

-- Dumping data for table web_imbo_ci.slide: ~0 rows (approximately)
DELETE FROM `slide`;
/*!40000 ALTER TABLE `slide` DISABLE KEYS */;
/*!40000 ALTER TABLE `slide` ENABLE KEYS */;

-- Dumping structure for table web_imbo_ci.sub_menu
CREATE TABLE IF NOT EXISTS `sub_menu` (
  `id_sub_menu` int(11) NOT NULL AUTO_INCREMENT,
  `nama_sub_menu` varchar(50) DEFAULT NULL,
  `id_menu` int(11) DEFAULT NULL,
  `style_sub_menu` int(11) DEFAULT NULL COMMENT '1=single blog; 2=multiple blog; 3=link',
  `position_sub_menu` int(11) DEFAULT NULL,
  `grup_sub_menu` varchar(50) DEFAULT '',
  `link` varchar(50) DEFAULT '',
  PRIMARY KEY (`id_sub_menu`)
) ENGINE=InnoDB AUTO_INCREMENT=42 DEFAULT CHARSET=utf8;

-- Dumping data for table web_imbo_ci.sub_menu: ~41 rows (approximately)
DELETE FROM `sub_menu`;
/*!40000 ALTER TABLE `sub_menu` DISABLE KEYS */;
INSERT INTO `sub_menu` (`id_sub_menu`, `nama_sub_menu`, `id_menu`, `style_sub_menu`, `position_sub_menu`, `grup_sub_menu`, `link`) VALUES
	(1, 'Sejarah Singkat', 2, 1, 1, '', ''),
	(2, 'Visi, Misi, Janji dan Maklumat Layanan', 2, 1, 2, '', ''),
	(3, 'Kedudukan, Tugas dan Fungsi', 2, 1, 3, '', ''),
	(4, 'Wilayah Kerja', 2, 1, 4, '', ''),
	(5, 'Gedung Kantor', 2, 1, 5, '', ''),
	(6, 'Struktur Organisasi', 2, 1, 6, '', ''),
	(7, 'Kepala Kantor dari masa ke masa', 2, 1, 7, '', ''),
	(8, 'Capaian Kantor Imigrasi Kelas 1 Bogor', 2, 1, 8, '', ''),
	(9, 'Permohonan Paspor', 3, 1, 1, 'WNI', ''),
	(10, 'Layanan Paspor Anak', 3, 1, 2, 'WNI', ''),
	(11, 'Biaya Pembuatan Paspor', 3, 1, 3, 'WNI', ''),
	(12, 'Izin Tinggal Kunjungan', 3, 1, 4, 'WNA', ''),
	(13, 'Izin Tinggal Terbatas', 3, 1, 5, 'WNA', ''),
	(14, 'Izin Tinggal Tetap', 3, 1, 6, 'WNA', ''),
	(15, 'Alih Status Izin Tinggal', 3, 1, 7, 'WNA', ''),
	(16, 'Pengembalian Dokumen', 3, 1, 8, 'WNA', ''),
	(17, 'Mutasi Alamat', 3, 1, 9, 'WNA', ''),
	(18, 'Izin Masuk Kembali', 3, 1, 10, 'WNA', ''),
	(19, 'Kewarganegaraan Ganda (Affidavit)', 3, 1, 11, 'WNA', ''),
	(20, 'Biaya Keimigrasian', 3, 1, 12, 'WNA', ''),
	(21, 'Paspor Online', 3, 1, 13, 'Layanan Online', ''),
	(22, 'Visa Online', 3, 1, 14, 'Layanan Online', ''),
	(23, 'Pelaporan Orang Asing', 3, 1, 15, 'Layanan Online', ''),
	(24, 'Izin Tinggal Online', 3, 1, 16, 'Layanan Online', ''),
	(25, 'Foto', 4, 1, 1, '', ''),
	(26, 'Video', 4, 1, 2, '', ''),
	(27, 'Berita Nasional', 4, 2, 3, '', ''),
	(28, 'Berita Kantor', 4, 2, 4, '', ''),
	(29, 'Agenda', 4, 1, 5, '', ''),
	(30, 'Statistik', 4, 1, 6, '', ''),
	(31, 'Daftar Isian Pelaksanaan Anggaran (DIPA)', 4, 1, 7, '', ''),
	(32, 'Undang-undang', 5, 1, 1, '', ''),
	(33, 'Perpu', 5, 1, 2, '', ''),
	(34, 'Peraturan Pemerintah', 5, 1, 3, '', ''),
	(35, 'Peraturan Presiden', 5, 1, 4, '', ''),
	(36, 'Instruksi Presiden', 5, 1, 5, '', ''),
	(37, 'Surat Keputusan Bersama', 5, 1, 6, '', ''),
	(38, 'Peraturan Dirjen', 5, 1, 7, '', ''),
	(39, 'Keputusan Dirjen', 5, 1, 8, '', ''),
	(40, 'Juklak Dirjen', 5, 1, 9, '', ''),
	(41, 'Standar Operasional PRosedur', 5, 1, 10, '', '');
/*!40000 ALTER TABLE `sub_menu` ENABLE KEYS */;

-- Dumping structure for table web_imbo_ci.user
CREATE TABLE IF NOT EXISTS `user` (
  `id` int(8) NOT NULL AUTO_INCREMENT,
  `nama` varchar(45) NOT NULL,
  `email` varchar(45) NOT NULL,
  `password` varchar(60) NOT NULL,
  PRIMARY KEY (`id`)
) ENGINE=InnoDB AUTO_INCREMENT=35 DEFAULT CHARSET=latin1;

-- Dumping data for table web_imbo_ci.user: ~5 rows (approximately)
DELETE FROM `user`;
/*!40000 ALTER TABLE `user` DISABLE KEYS */;
INSERT INTO `user` (`id`, `nama`, `email`, `password`) VALUES
	(30, 'admin', 'seo.satu1@gmail.com', '$2y$05$45XlEAS82O77pwBBTcdDguWYZHkwDcvH4lcxHYrzkMg9cBV8zyDIu'),
	(31, 'seosatu2', 'admin@seosatu.com', '$2y$05$Og8T8VFcZJYyTJ7L5xTPG.DOSZ75OTfMmhydFyNDgR7uKSCV4gtsK'),
	(32, 'seosatu', 'cloudflare@amiklan.com', '$2y$05$o5xTBd3DfVlqM2brDfG1j.TUfMcQlz7XUEpwuEhjQaMj3Yz6gSkzK'),
	(33, 'insan', 'biosagita@yahoo.com', '$2y$05$z0plRNB9M8.OVZb7tVarvO0peezb0Ibf48ijaEnovrWjP2rD8DAma'),
	(34, 'insan2', 'biosagita@gmail.com', '$2y$05$Hdn48yKpnA/e8slb8cogou9.erRoINeKOpsarqVstv7atos3MbGda');
/*!40000 ALTER TABLE `user` ENABLE KEYS */;

-- Dumping structure for table web_imbo_ci.video_galeri
CREATE TABLE IF NOT EXISTS `video_galeri` (
  `id_video_galeri` int(11) NOT NULL AUTO_INCREMENT,
  `nama_video_galeri` varchar(50) DEFAULT NULL,
  `url_video_galeri` varchar(50) DEFAULT NULL,
  `keterangan_video_galeri` varchar(50) DEFAULT NULL,
  PRIMARY KEY (`id_video_galeri`)
) ENGINE=InnoDB DEFAULT CHARSET=utf8;

-- Dumping data for table web_imbo_ci.video_galeri: ~0 rows (approximately)
DELETE FROM `video_galeri`;
/*!40000 ALTER TABLE `video_galeri` DISABLE KEYS */;
/*!40000 ALTER TABLE `video_galeri` ENABLE KEYS */;

/*!40101 SET SQL_MODE=IFNULL(@OLD_SQL_MODE, '') */;
/*!40014 SET FOREIGN_KEY_CHECKS=IF(@OLD_FOREIGN_KEY_CHECKS IS NULL, 1, @OLD_FOREIGN_KEY_CHECKS) */;
/*!40101 SET CHARACTER_SET_CLIENT=@OLD_CHARACTER_SET_CLIENT */;
